{"stats":{"minecraft:killed":{"minecraft:pig":2},"minecraft:custom":{"minecraft:time_since_rest":16003,"minecraft:crouch_one_cm":163,"minecraft:sprint_one_cm":21289,"minecraft:play_time":16003,"minecraft:damage_taken":30,"minecraft:walk_one_cm":40933,"minecraft:sneak_time":22,"minecraft:mob_kills":2,"minecraft:drop":5,"minecraft:jump":130,"minecraft:damage_dealt":200,"minecraft:leave_game":2,"minecraft:time_since_death":16003,"minecraft:total_world_time":16003,"minecraft:fly_one_cm":16040,"minecraft:fall_one_cm":3610},"minecraft:picked_up":{"minecraft:lilac":5,"minecraft:azure_bluet":1,"minecraft:porkchop":7,"minecraft:oak_log":7,"minecraft:oak_sapling":1},"minecraft:mined":{"minecraft:grass":4,"minecraft:oak_log":7,"minecraft:tall_grass":5,"minecraft:lilac":4,"minecraft:oak_leaves":4,"minecraft:azure_bluet":1},"minecraft:used":{"minecraft:lilac":4,"minecraft:oak_sapling":1,"minecraft:porkchop":2},"minecraft:dropped":{"minecraft:porkchop":3,"minecraft:lilac":1,"minecraft:azure_bluet":1}},"DataVersion":3465}