{"stats":{"minecraft:killed":{"minecraft:pig":1,"minecraft:sheep":11,"minecraft:zombie":8,"minecraft:chicken":4,"minecraft:cow":9},"minecraft:custom":{"minecraft:interact_with_furnace":32,"minecraft:mob_kills":34,"minecraft:interact_with_crafting_table":28,"minecraft:leave_game":2,"minecraft:time_since_death":84130,"minecraft:sleep_in_bed":1,"minecraft:time_since_rest":19774,"minecraft:sprint_one_cm":161866,"minecraft:damage_taken":594,"minecraft:walk_one_cm":182082,"minecraft:damage_blocked_by_shield":265,"minecraft:drop":22,"minecraft:damage_dealt":3281,"minecraft:swim_one_cm":19039,"minecraft:fly_one_cm":180530,"minecraft:open_chest":4,"minecraft:crouch_one_cm":832,"minecraft:play_time":84130,"minecraft:sneak_time":699,"minecraft:walk_under_water_one_cm":7909,"minecraft:jump":1148,"minecraft:walk_on_water_one_cm":3627,"minecraft:total_world_time":84130,"minecraft:fall_one_cm":29633},"minecraft:mined":{"minecraft:oak_fence":1,"minecraft:crafting_table":6,"minecraft:grass_block":1,"minecraft:tall_grass":2,"minecraft:spruce_leaves":3,"minecraft:oxeye_daisy":1,"minecraft:hay_block":1,"minecraft:carrots":1,"minecraft:furnace":3,"minecraft:iron_ore":62,"minecraft:wheat":1,"minecraft:andesite":2,"minecraft:grass":5,"minecraft:coal_ore":12,"minecraft:oak_log":5,"minecraft:gravel":3,"minecraft:dirt":1,"minecraft:stone":105},"minecraft:picked_up":{"minecraft:crafting_table":6,"magistuarmory:wood_heatershield":1,"minecraft:chicken":4,"magistuarmory:rustedchainmail_boots":1,"minecraft:andesite":2,"minecraft:leather":11,"minecraft:flint":1,"create:raw_zinc":6,"minecraft:oak_log":5,"minecraft:wheat_seeds":3,"usefulbackpacks:backpack_small":1,"minecraft:iron_ingot":10,"minecraft:beef":22,"minecraft:light_gray_wool":1,"minecraft:iron_sword":1,"minecraft:oak_planks":3,"minecraft:furnace":3,"minecraft:raw_iron":88,"minecraft:cooked_porkchop":6,"minecraft:oak_fence":1,"minecraft:torch":2,"minecraft:gravel":2,"minecraft:porkchop":2,"minecraft:carrot":1,"magistuarmory:rustedcrusader_chestplate":1,"create:zinc_ingot":1,"minecraft:arrow":2,"minecraft:rotten_flesh":10,"minecraft:beetroot_seeds":3,"minecraft:hay_block":1,"magistuarmory:rusted_bastardsword":1,"magistuarmory:corruptedroundshield":3,"minecraft:black_wool":1,"minecraft:mutton":17,"minecraft:coal":24,"minecraft:white_wool":9,"minecraft:cobblestone":108},"minecraft:used":{"minecraft:wheat_seeds":1,"minecraft:stone_pickaxe":161,"minecraft:wooden_pickaxe":25,"minecraft:shield":4,"minecraft:torch":2,"minecraft:mutton":8,"minecraft:crafting_table":6,"minecraft:lava_bucket":1,"minecraft:bread":4,"minecraft:iron_helmet":1,"minecraft:gravel":2,"minecraft:stone_axe":56,"magistuarmory:rusted_bastardsword":5,"minecraft:furnace":3,"minecraft:cooked_porkchop":6,"minecraft:bucket":2},"minecraft:crafted":{"minecraft:oak_planks":20,"minecraft:crafting_table":1,"minecraft:wooden_pickaxe":1,"minecraft:iron_helmet":1,"minecraft:furnace":3,"minecraft:bucket":2,"minecraft:stone_axe":1,"minecraft:air":0,"minecraft:flint_and_steel":1,"minecraft:iron_boots":1,"minecraft:iron_chestplate":1,"minecraft:shield":2,"minecraft:stick":12,"minecraft:iron_ingot":61,"minecraft:iron_pickaxe":2,"minecraft:stone_pickaxe":2,"minecraft:iron_leggings":1},"minecraft:broken":{"minecraft:stone_pickaxe":1},"minecraft:dropped":{"minecraft:water_bucket":1,"minecraft:iron_ingot":10,"minecraft:iron_sword":1,"minecraft:wheat_seeds":1,"magistuarmory:rustedcrusader_chestplate":1,"minecraft:leather":11,"minecraft:shield":1,"minecraft:iron_pickaxe":1,"magistuarmory:corruptedroundshield":2,"magistuarmory:rustedchainmail_boots":1,"minecraft:white_wool":6}},"DataVersion":3465}