{"stats":{"minecraft:killed":{"minecraft:pig":1,"minecraft:sheep":5,"minecraft:zombie":7,"minecraft:chicken":4,"minecraft:cow":9},"minecraft:custom":{"minecraft:interact_with_furnace":32,"minecraft:mob_kills":26,"minecraft:interact_with_crafting_table":27,"minecraft:leave_game":1,"minecraft:time_since_death":63173,"minecraft:time_since_rest":63173,"minecraft:sprint_one_cm":87343,"minecraft:damage_taken":296,"minecraft:walk_one_cm":124460,"minecraft:damage_blocked_by_shield":205,"minecraft:drop":18,"minecraft:damage_dealt":2489,"minecraft:swim_one_cm":9681,"minecraft:fly_one_cm":73458,"minecraft:open_chest":3,"minecraft:crouch_one_cm":313,"minecraft:play_time":63173,"minecraft:sneak_time":542,"minecraft:walk_under_water_one_cm":7662,"minecraft:jump":602,"minecraft:walk_on_water_one_cm":3096,"minecraft:total_world_time":63173,"minecraft:fall_one_cm":15061},"minecraft:mined":{"minecraft:oak_fence":1,"minecraft:crafting_table":6,"minecraft:tall_grass":1,"minecraft:oxeye_daisy":1,"minecraft:furnace":3,"minecraft:iron_ore":62,"minecraft:andesite":2,"minecraft:grass":4,"minecraft:coal_ore":12,"minecraft:oak_log":5,"minecraft:gravel":3,"minecraft:dirt":1,"minecraft:stone":105},"minecraft:picked_up":{"minecraft:crafting_table":6,"minecraft:chicken":4,"magistuarmory:rustedchainmail_boots":1,"minecraft:andesite":2,"minecraft:leather":11,"minecraft:flint":1,"create:raw_zinc":6,"minecraft:oak_log":5,"minecraft:wheat_seeds":2,"usefulbackpacks:backpack_small":1,"minecraft:beef":20,"minecraft:oak_planks":3,"minecraft:furnace":3,"minecraft:raw_iron":88,"minecraft:cooked_porkchop":6,"minecraft:oak_fence":1,"minecraft:torch":2,"minecraft:gravel":2,"minecraft:porkchop":2,"magistuarmory:rustedcrusader_chestplate":1,"create:zinc_ingot":1,"minecraft:arrow":2,"minecraft:rotten_flesh":10,"magistuarmory:rusted_bastardsword":1,"magistuarmory:corruptedroundshield":2,"minecraft:black_wool":1,"minecraft:mutton":9,"minecraft:coal":24,"minecraft:white_wool":4,"minecraft:cobblestone":108},"minecraft:used":{"minecraft:stone_pickaxe":161,"minecraft:wooden_pickaxe":25,"minecraft:shield":3,"minecraft:torch":1,"minecraft:crafting_table":6,"minecraft:lava_bucket":1,"minecraft:iron_helmet":1,"minecraft:gravel":2,"minecraft:stone_axe":45,"magistuarmory:rusted_bastardsword":3,"minecraft:furnace":3,"minecraft:cooked_porkchop":5,"minecraft:bucket":2},"minecraft:crafted":{"minecraft:oak_planks":20,"minecraft:crafting_table":1,"minecraft:wooden_pickaxe":1,"minecraft:iron_helmet":1,"minecraft:furnace":3,"minecraft:bucket":1,"minecraft:stone_axe":1,"minecraft:air":0,"minecraft:flint_and_steel":1,"minecraft:iron_boots":1,"minecraft:iron_chestplate":1,"minecraft:shield":2,"minecraft:stick":12,"minecraft:iron_ingot":61,"minecraft:iron_pickaxe":2,"minecraft:stone_pickaxe":2,"minecraft:iron_leggings":1},"minecraft:broken":{"minecraft:stone_pickaxe":1},"minecraft:dropped":{"minecraft:iron_ingot":10,"minecraft:wheat_seeds":1,"magistuarmory:rustedcrusader_chestplate":1,"minecraft:leather":11,"minecraft:shield":1,"minecraft:iron_pickaxe":1,"magistuarmory:corruptedroundshield":1,"magistuarmory:rustedchainmail_boots":1,"minecraft:white_wool":4}},"DataVersion":3465}