{"stats":{"minecraft:killed":{"minecraft:sheep":5,"minecraft:pig":1,"minecraft:zombie":1,"minecraft:chicken":4,"minecraft:cow":9},"minecraft:custom":{"minecraft:time_since_rest":27173,"minecraft:interact_with_furnace":11,"minecraft:sprint_one_cm":34877,"minecraft:damage_taken":20,"minecraft:walk_one_cm":37637,"minecraft:mob_kills":20,"minecraft:drop":4,"minecraft:damage_dealt":1663,"minecraft:interact_with_crafting_table":11,"minecraft:fly_one_cm":42759,"minecraft:play_time":27173,"minecraft:sneak_time":6,"minecraft:jump":231,"minecraft:leave_game":1,"minecraft:time_since_death":27173,"minecraft:total_world_time":27173,"minecraft:fall_one_cm":8267},"minecraft:mined":{"minecraft:furnace":1,"minecraft:iron_ore":8,"minecraft:crafting_table":3,"minecraft:grass":4,"minecraft:oak_log":5,"minecraft:dirt":1,"minecraft:tall_grass":1,"minecraft:stone":86,"minecraft:oxeye_daisy":1},"minecraft:picked_up":{"minecraft:raw_iron":8,"minecraft:crafting_table":3,"minecraft:chicken":4,"minecraft:cooked_porkchop":6,"minecraft:leather":11,"minecraft:porkchop":2,"minecraft:oak_log":5,"minecraft:rotten_flesh":2,"minecraft:wheat_seeds":2,"minecraft:beef":20,"minecraft:black_wool":1,"minecraft:mutton":9,"minecraft:oak_planks":3,"minecraft:white_wool":4,"minecraft:cobblestone":76,"minecraft:furnace":1},"minecraft:used":{"minecraft:stone_pickaxe":71,"minecraft:wooden_pickaxe":25,"minecraft:stone_axe":29,"minecraft:crafting_table":3,"minecraft:cooked_porkchop":2,"minecraft:furnace":1},"minecraft:crafted":{"minecraft:oak_planks":20,"minecraft:shield":2,"minecraft:crafting_table":1,"minecraft:stick":12,"minecraft:wooden_pickaxe":1,"minecraft:iron_ingot":8,"minecraft:iron_pickaxe":1,"minecraft:stone_pickaxe":1,"minecraft:furnace":1,"minecraft:bucket":1,"minecraft:stone_axe":1,"minecraft:air":0},"minecraft:dropped":{"minecraft:shield":1,"minecraft:wheat_seeds":1,"minecraft:leather":11,"minecraft:iron_pickaxe":1}},"DataVersion":3465}