{"stats":{"minecraft:killed_by":{"minecraft:skeleton":1},"minecraft:killed":{"minecraft:cave_spider":1,"minecraft:skeleton":1,"naturalist:deer":1,"minecraft:pig":6,"minecraft:zombie":1},"minecraft:custom":{"minecraft:mob_kills":10,"minecraft:interact_with_crafting_table":30,"minecraft:leave_game":2,"minecraft:time_since_death":154138,"minecraft:sprint_one_cm":270153,"minecraft:walk_one_cm":430712,"minecraft:damage_blocked_by_shield":635,"minecraft:drop":39,"minecraft:play_time":164622,"minecraft:deaths":1,"minecraft:sneak_time":1982,"minecraft:walk_under_water_one_cm":21554,"minecraft:boat_one_cm":17038,"minecraft:jump":1845,"minecraft:walk_on_water_one_cm":28910,"minecraft:total_world_time":164622,"minecraft:interact_with_furnace":17,"minecraft:interact_with_stonecutter":1,"minecraft:sleep_in_bed":4,"minecraft:time_since_rest":2820,"minecraft:damage_taken":1107,"minecraft:damage_dealt":1368,"minecraft:swim_one_cm":12437,"minecraft:fly_one_cm":221583,"minecraft:open_chest":38,"minecraft:crouch_one_cm":4494,"minecraft:fall_one_cm":43894},"minecraft:picked_up":{"minecraft:iron_chestplate":1,"minecraft:crafting_table":3,"naturalist:venison":2,"minecraft:wooden_pickaxe":1,"minecraft:golden_shovel":1,"minecraft:cornflower":1,"minecraft:string":26,"create:limestone":46,"minecraft:raw_copper":174,"minecraft:iron_axe":1,"minecraft:iron_leggings":1,"minecraft:cobbled_deepslate":238,"minecraft:oak_boat":1,"minecraft:calcite":20,"minecraft:iron_pickaxe":2,"minecraft:sugar_cane":6,"minecraft:birch_sapling":3,"minecraft:iron_boots":1,"minecraft:furnace":1,"minecraft:stick":2,"minecraft:raw_iron":72,"minecraft:torch":6,"minecraft:porkchop":12,"minecraft:pointed_dripstone":2,"minecraft:redstone":83,"minecraft:rotten_flesh":2,"minecraft:arrow":1,"minecraft:stone_shovel":6,"minecraft:peony":1,"minecraft:cobblestone":795,"minecraft:birch_log":7,"minecraft:andesite":12,"minecraft:potato":10,"minecraft:flint":1,"create:raw_zinc":44,"minecraft:oak_log":14,"minecraft:lapis_lazuli":64,"minecraft:dirt":393,"minecraft:bow":1,"minecraft:wheat_seeds":1,"minecraft:rabbit_hide":4,"minecraft:iron_ingot":9,"minecraft:stone_pickaxe":2,"minecraft:iron_sword":1,"minecraft:sweet_berries":103,"minecraft:dripstone_block":7,"minecraft:gravel":31,"minecraft:spruce_sapling":4,"minecraft:spruce_log":9,"magistuarmory:rustedgreathelm":1,"minecraft:diamond_shovel":1,"naturalist:antler":1,"minecraft:diamond":6,"minecraft:iron_helmet":1,"minecraft:granite":17,"minecraft:bread":16,"minecraft:coal":147,"minecraft:diamond_pickaxe":1},"minecraft:mined":{"create:zinc_ore":32,"create:deepslate_zinc_ore":12,"minecraft:tuff":57,"minecraft:deepslate_diamond_ore":3,"minecraft:granite":16,"minecraft:grass_block":169,"minecraft:spruce_leaves":10,"minecraft:large_fern":12,"minecraft:magma_block":9,"minecraft:redstone_ore":6,"minecraft:furnace":1,"minecraft:iron_ore":60,"minecraft:andesite":20,"minecraft:deepslate_lapis_ore":10,"minecraft:peony":1,"minecraft:pointed_dripstone":6,"minecraft:deepslate_iron_ore":2,"minecraft:dirt_path":1,"minecraft:stone":815,"create:limestone":47,"minecraft:deepslate_redstone_ore":12,"minecraft:blackstone":9,"minecraft:crafting_table":3,"minecraft:cornflower":1,"minecraft:torch":1,"minecraft:calcite":20,"minecraft:cobblestone":24,"minecraft:copper_ore":85,"minecraft:lapis_ore":1,"minecraft:sugar_cane":2,"minecraft:diorite":5,"minecraft:wall_torch":3,"minecraft:birch_log":7,"minecraft:sweet_berry_bush":21,"minecraft:spruce_log":11,"minecraft:birch_leaves":2,"minecraft:grass":10,"minecraft:coal_ore":163,"minecraft:oak_log":14,"minecraft:dirt":288,"minecraft:dripstone_block":15,"minecraft:gravel":48,"minecraft:sunflower":1,"minecraft:cobweb":25,"minecraft:oak_leaves":2,"minecraft:deepslate":533,"minecraft:fern":6},"minecraft:used":{"minecraft:stone_sword":9,"minecraft:stone_shovel":448,"minecraft:chest":5,"minecraft:shield":13,"minecraft:iron_sword":60,"minecraft:rotten_flesh":1,"minecraft:torch":87,"minecraft:dirt":14,"minecraft:golden_shovel":32,"minecraft:granite":1,"magistuarmory:rustedhalfarmor_chestplate":1,"minecraft:furnace":3,"minecraft:egg":1,"minecraft:water_bucket":23,"minecraft:stone_pickaxe":655,"minecraft:baked_potato":2,"minecraft:wooden_pickaxe":9,"minecraft:crafting_table":6,"minecraft:diamond_pickaxe":359,"minecraft:bread":12,"minecraft:iron_pickaxe":952,"minecraft:gravel":1,"minecraft:stone_axe":38,"minecraft:cobblestone":177,"minecraft:cooked_porkchop":5,"minecraft:andesite":8,"minecraft:bucket":24,"minecraft:oak_boat":1},"minecraft:broken":{"minecraft:golden_shovel":1,"minecraft:stone_pickaxe":5,"minecraft:diamond_pickaxe":1,"minecraft:iron_pickaxe":4,"minecraft:stone_shovel":3},"minecraft:crafted":{"minecraft:oak_planks":56,"minecraft:stone_shovel":7,"minecraft:furnace":2,"minecraft:stone_pickaxe":6,"minecraft:chest":5,"minecraft:cooked_porkchop":6,"minecraft:crafting_table":4,"minecraft:spruce_planks":36,"minecraft:wooden_pickaxe":1,"minecraft:baked_potato":2,"minecraft:birch_planks":28,"minecraft:bucket":1,"minecraft:stone_axe":1,"minecraft:air":0,"minecraft:oak_boat":1,"minecraft:shield":1,"minecraft:stick":64,"minecraft:iron_ingot":50,"minecraft:iron_pickaxe":4,"minecraft:stone_sword":1,"minecraft:torch":100},"minecraft:dropped":{"minecraft:iron_ingot":43,"minecraft:birch_planks":1,"minecraft:diamond":6,"minecraft:dripstone_block":4,"minecraft:cobblestone":177,"magistuarmory:rustedgreathelm":1,"minecraft:dirt":9,"minecraft:cornflower":1,"minecraft:iron_pickaxe":1,"minecraft:spruce_sapling":1,"minecraft:cobbled_deepslate":32,"minecraft:stone_shovel":7,"minecraft:pointed_dripstone":2,"minecraft:raw_iron":10,"magistuarmory:rustedhalfarmor_chestplate":1,"minecraft:diamond_shovel":1,"minecraft:rabbit_hide":3,"minecraft:potato":5,"minecraft:peony":1,"minecraft:andesite":2,"minecraft:stone_pickaxe":2,"minecraft:wooden_pickaxe":1}},"DataVersion":3465}