{"stats":{"minecraft:killed_by":{"minecraft:skeleton":1},"minecraft:killed":{"minecraft:pig":1},"minecraft:custom":{"minecraft:time_since_rest":17150,"minecraft:interact_with_furnace":3,"minecraft:sprint_one_cm":102000,"minecraft:damage_taken":395,"minecraft:walk_one_cm":60155,"minecraft:mob_kills":1,"minecraft:drop":1,"minecraft:damage_dealt":234,"minecraft:fly_one_cm":103187,"minecraft:swim_one_cm":4501,"minecraft:interact_with_crafting_table":8,"minecraft:play_time":27605,"minecraft:deaths":1,"minecraft:sneak_time":30,"minecraft:walk_under_water_one_cm":3405,"minecraft:jump":516,"minecraft:time_since_death":17121,"minecraft:walk_on_water_one_cm":10088,"minecraft:total_world_time":27605,"minecraft:fall_one_cm":14048},"minecraft:picked_up":{"minecraft:birch_log":7,"minecraft:stick":2,"minecraft:crafting_table":2,"minecraft:sweet_berries":25,"minecraft:wooden_pickaxe":1,"minecraft:porkchop":2,"minecraft:oak_log":8,"minecraft:cornflower":1,"minecraft:dirt":19,"minecraft:wheat_seeds":1,"minecraft:peony":1,"minecraft:granite":16,"minecraft:sugar_cane":6,"minecraft:birch_sapling":3,"minecraft:cobblestone":17,"minecraft:furnace":1},"minecraft:mined":{"minecraft:large_fern":2,"minecraft:furnace":1,"minecraft:birch_log":7,"minecraft:sweet_berry_bush":11,"minecraft:birch_leaves":1,"minecraft:cornflower":1,"minecraft:crafting_table":2,"minecraft:peony":1,"minecraft:granite":16,"minecraft:grass":6,"minecraft:grass_block":8,"minecraft:oak_log":8,"minecraft:sunflower":1,"minecraft:dirt":11,"minecraft:stone":17,"minecraft:sugar_cane":2,"minecraft:oak_leaves":2,"minecraft:fern":6},"minecraft:used":{"minecraft:stone_sword":8,"minecraft:stone_pickaxe":34,"minecraft:wooden_pickaxe":8,"minecraft:stone_axe":16,"minecraft:dirt":14,"minecraft:crafting_table":2,"minecraft:furnace":1,"minecraft:cooked_porkchop":2},"minecraft:crafted":{"minecraft:oak_planks":16,"minecraft:cooked_porkchop":2,"minecraft:crafting_table":1,"minecraft:stick":8,"minecraft:wooden_pickaxe":1,"minecraft:stone_pickaxe":1,"minecraft:stone_sword":1,"minecraft:furnace":1,"minecraft:stone_axe":1,"minecraft:air":0},"minecraft:dropped":{"minecraft:wooden_pickaxe":1}},"DataVersion":3465}