{"stats":{"minecraft:killed_by":{"minecraft:skeleton":1},"minecraft:killed":{"minecraft:pig":1},"minecraft:custom":{"minecraft:interact_with_furnace":3,"minecraft:mob_kills":1,"minecraft:interact_with_crafting_table":13,"minecraft:time_since_death":41121,"minecraft:sleep_in_bed":1,"minecraft:time_since_rest":18981,"minecraft:sprint_one_cm":128113,"minecraft:damage_taken":425,"minecraft:walk_one_cm":144098,"minecraft:drop":2,"minecraft:damage_dealt":234,"minecraft:swim_one_cm":8338,"minecraft:fly_one_cm":116399,"minecraft:open_chest":5,"minecraft:play_time":51605,"minecraft:deaths":1,"minecraft:sneak_time":46,"minecraft:walk_under_water_one_cm":4457,"minecraft:jump":742,"minecraft:walk_on_water_one_cm":14982,"minecraft:total_world_time":51605,"minecraft:fall_one_cm":16914},"minecraft:mined":{"minecraft:crafting_table":2,"minecraft:cornflower":1,"minecraft:granite":16,"minecraft:grass_block":165,"minecraft:spruce_leaves":6,"minecraft:sugar_cane":2,"minecraft:large_fern":5,"minecraft:furnace":1,"minecraft:birch_log":7,"minecraft:sweet_berry_bush":11,"minecraft:birch_leaves":2,"minecraft:peony":1,"minecraft:grass":6,"minecraft:oak_log":8,"minecraft:coal_ore":52,"minecraft:gravel":23,"minecraft:sunflower":1,"minecraft:dirt":279,"minecraft:stone":208,"minecraft:oak_leaves":2,"minecraft:fern":6},"minecraft:picked_up":{"minecraft:birch_log":7,"minecraft:crafting_table":2,"minecraft:wooden_pickaxe":1,"minecraft:potato":5,"minecraft:golden_shovel":1,"minecraft:oak_log":8,"minecraft:cornflower":1,"minecraft:dirt":373,"minecraft:wheat_seeds":1,"minecraft:rabbit_hide":1,"minecraft:iron_ingot":9,"minecraft:iron_pickaxe":1,"minecraft:sugar_cane":6,"minecraft:birch_sapling":3,"minecraft:furnace":1,"minecraft:stick":2,"minecraft:sweet_berries":83,"minecraft:gravel":20,"minecraft:porkchop":2,"minecraft:spruce_sapling":3,"minecraft:stone_shovel":1,"minecraft:peony":1,"minecraft:granite":16,"minecraft:bread":12,"minecraft:coal":51,"minecraft:cobblestone":211},"minecraft:used":{"minecraft:stone_sword":9,"minecraft:stone_shovel":416,"minecraft:stone_pickaxe":253,"minecraft:wooden_pickaxe":8,"minecraft:dirt":14,"minecraft:crafting_table":2,"minecraft:golden_shovel":32,"magistuarmory:rustedhalfarmor_chestplate":1,"minecraft:bread":2,"minecraft:iron_pickaxe":24,"minecraft:stone_axe":16,"minecraft:furnace":1,"minecraft:cooked_porkchop":2},"minecraft:crafted":{"minecraft:oak_planks":24,"minecraft:stone_shovel":7,"minecraft:cooked_porkchop":2,"minecraft:crafting_table":1,"minecraft:wooden_pickaxe":1,"minecraft:furnace":1,"minecraft:stone_axe":1,"minecraft:air":0,"minecraft:stick":24,"minecraft:stone_pickaxe":3,"minecraft:stone_sword":1},"minecraft:broken":{"minecraft:stone_pickaxe":1,"minecraft:iron_pickaxe":1,"minecraft:golden_shovel":1,"minecraft:stone_shovel":3},"minecraft:dropped":{"minecraft:stone_shovel":1,"minecraft:wooden_pickaxe":1}},"DataVersion":3465}