{"stats":{"minecraft:killed_by":{"minecraft:skeleton":1},"minecraft:killed":{"minecraft:pig":1},"minecraft:custom":{"minecraft:interact_with_furnace":9,"minecraft:mob_kills":1,"minecraft:interact_with_crafting_table":25,"minecraft:leave_game":2,"minecraft:time_since_death":118138,"minecraft:sleep_in_bed":1,"minecraft:time_since_rest":95998,"minecraft:sprint_one_cm":192033,"minecraft:damage_taken":586,"minecraft:walk_one_cm":332267,"minecraft:drop":32,"minecraft:damage_dealt":287,"minecraft:swim_one_cm":8338,"minecraft:fly_one_cm":148635,"minecraft:open_chest":20,"minecraft:crouch_one_cm":4040,"minecraft:play_time":128622,"minecraft:deaths":1,"minecraft:sneak_time":1696,"minecraft:walk_under_water_one_cm":9183,"minecraft:jump":1116,"minecraft:walk_on_water_one_cm":19918,"minecraft:total_world_time":128622,"minecraft:fall_one_cm":25553},"minecraft:mined":{"create:zinc_ore":17,"minecraft:deepslate_redstone_ore":12,"create:deepslate_zinc_ore":12,"minecraft:tuff":57,"minecraft:blackstone":9,"minecraft:deepslate_diamond_ore":3,"minecraft:cornflower":1,"minecraft:crafting_table":2,"minecraft:torch":1,"minecraft:granite":16,"minecraft:grass_block":166,"minecraft:calcite":18,"minecraft:copper_ore":85,"minecraft:cobblestone":15,"minecraft:spruce_leaves":9,"minecraft:lapis_ore":1,"minecraft:sugar_cane":2,"minecraft:diorite":5,"minecraft:wall_torch":3,"minecraft:large_fern":11,"minecraft:redstone_ore":6,"minecraft:magma_block":9,"minecraft:furnace":1,"minecraft:birch_log":7,"minecraft:iron_ore":58,"minecraft:sweet_berry_bush":21,"minecraft:spruce_log":5,"minecraft:birch_leaves":2,"minecraft:andesite":10,"minecraft:deepslate_lapis_ore":10,"minecraft:peony":1,"minecraft:grass":7,"minecraft:oak_log":8,"minecraft:pointed_dripstone":5,"minecraft:coal_ore":139,"minecraft:deepslate_iron_ore":2,"minecraft:dirt_path":1,"minecraft:sunflower":1,"minecraft:gravel":44,"minecraft:dripstone_block":12,"minecraft:dirt":286,"minecraft:stone":692,"create:limestone":38,"minecraft:oak_leaves":2,"minecraft:deepslate":533,"minecraft:fern":6},"minecraft:picked_up":{"minecraft:birch_log":7,"minecraft:crafting_table":2,"minecraft:iron_chestplate":1,"minecraft:andesite":12,"minecraft:wooden_pickaxe":1,"minecraft:potato":10,"minecraft:golden_shovel":1,"minecraft:flint":1,"create:raw_zinc":29,"minecraft:oak_log":8,"minecraft:lapis_lazuli":64,"minecraft:cornflower":1,"minecraft:dirt":388,"minecraft:raw_copper":174,"minecraft:iron_axe":1,"create:limestone":37,"minecraft:iron_leggings":1,"minecraft:wheat_seeds":1,"minecraft:cobbled_deepslate":238,"minecraft:rabbit_hide":4,"minecraft:stone_pickaxe":2,"minecraft:iron_ingot":9,"minecraft:calcite":18,"minecraft:iron_pickaxe":2,"minecraft:sugar_cane":6,"minecraft:birch_sapling":3,"minecraft:iron_sword":1,"minecraft:iron_boots":1,"minecraft:furnace":1,"minecraft:stick":2,"minecraft:raw_iron":70,"minecraft:sweet_berries":103,"minecraft:torch":4,"minecraft:dripstone_block":4,"minecraft:gravel":31,"minecraft:porkchop":2,"minecraft:spruce_sapling":4,"minecraft:pointed_dripstone":2,"minecraft:spruce_log":5,"minecraft:redstone":83,"minecraft:diamond":6,"minecraft:diamond_shovel":1,"minecraft:stone_shovel":6,"minecraft:peony":1,"minecraft:iron_helmet":1,"minecraft:granite":16,"minecraft:bread":16,"minecraft:coal":135,"minecraft:cobblestone":745,"minecraft:diamond_pickaxe":1},"minecraft:used":{"minecraft:stone_sword":9,"minecraft:stone_pickaxe":655,"minecraft:stone_shovel":444,"minecraft:chest":3,"minecraft:wooden_pickaxe":9,"minecraft:torch":78,"minecraft:dirt":14,"minecraft:crafting_table":4,"minecraft:golden_shovel":32,"magistuarmory:rustedhalfarmor_chestplate":1,"minecraft:diamond_pickaxe":359,"minecraft:bread":8,"minecraft:iron_pickaxe":753,"minecraft:gravel":1,"minecraft:stone_axe":24,"minecraft:cobblestone":126,"minecraft:furnace":2,"minecraft:cooked_porkchop":2,"minecraft:andesite":8,"minecraft:egg":1},"minecraft:crafted":{"minecraft:oak_planks":32,"minecraft:stone_shovel":7,"minecraft:cooked_porkchop":2,"minecraft:crafting_table":2,"minecraft:spruce_planks":20,"minecraft:wooden_pickaxe":1,"minecraft:furnace":1,"minecraft:birch_planks":28,"minecraft:stone_axe":1,"minecraft:air":0,"minecraft:shield":1,"minecraft:stick":64,"minecraft:iron_ingot":50,"minecraft:iron_pickaxe":4,"minecraft:stone_pickaxe":6,"minecraft:stone_sword":1,"minecraft:chest":3,"minecraft:torch":100},"minecraft:broken":{"minecraft:stone_pickaxe":5,"minecraft:diamond_pickaxe":1,"minecraft:iron_pickaxe":3,"minecraft:golden_shovel":1,"minecraft:stone_shovel":3},"minecraft:dropped":{"minecraft:cobbled_deepslate":32,"minecraft:diamond":3,"minecraft:dripstone_block":4,"minecraft:raw_iron":10,"minecraft:pointed_dripstone":2,"minecraft:stone_shovel":7,"minecraft:cobblestone":177,"magistuarmory:rustedhalfarmor_chestplate":1,"minecraft:diamond_shovel":1,"minecraft:rabbit_hide":3,"minecraft:potato":5,"minecraft:dirt":9,"minecraft:cornflower":1,"minecraft:andesite":2,"minecraft:stone_pickaxe":2,"minecraft:wooden_pickaxe":1,"minecraft:iron_pickaxe":1,"minecraft:spruce_sapling":1}},"DataVersion":3465}