{"stats":{"minecraft:killed_by":{"minecraft:skeleton":1},"minecraft:killed":{"minecraft:pig":1},"minecraft:custom":{"minecraft:interact_with_furnace":3,"minecraft:mob_kills":1,"minecraft:interact_with_crafting_table":19,"minecraft:leave_game":1,"minecraft:time_since_death":95689,"minecraft:sleep_in_bed":1,"minecraft:time_since_rest":73549,"minecraft:sprint_one_cm":170306,"minecraft:damage_taken":578,"minecraft:walk_one_cm":278622,"minecraft:drop":10,"minecraft:damage_dealt":287,"minecraft:swim_one_cm":8338,"minecraft:fly_one_cm":148404,"minecraft:open_chest":17,"minecraft:crouch_one_cm":4040,"minecraft:play_time":106173,"minecraft:deaths":1,"minecraft:sneak_time":1695,"minecraft:walk_under_water_one_cm":9183,"minecraft:jump":1086,"minecraft:walk_on_water_one_cm":19918,"minecraft:total_world_time":106173,"minecraft:fall_one_cm":25553},"minecraft:picked_up":{"minecraft:birch_log":7,"minecraft:crafting_table":2,"minecraft:iron_chestplate":1,"minecraft:andesite":10,"minecraft:wooden_pickaxe":1,"minecraft:potato":5,"minecraft:golden_shovel":1,"minecraft:flint":1,"create:raw_zinc":17,"minecraft:oak_log":8,"minecraft:lapis_lazuli":33,"minecraft:cornflower":1,"minecraft:dirt":388,"create:limestone":37,"minecraft:raw_copper":174,"minecraft:iron_axe":1,"minecraft:iron_leggings":1,"minecraft:wheat_seeds":1,"minecraft:rabbit_hide":1,"minecraft:iron_ingot":9,"minecraft:calcite":18,"minecraft:iron_pickaxe":1,"minecraft:sugar_cane":6,"minecraft:birch_sapling":3,"minecraft:iron_sword":1,"minecraft:iron_boots":1,"minecraft:furnace":1,"minecraft:stick":2,"minecraft:raw_iron":58,"minecraft:sweet_berries":103,"minecraft:dripstone_block":4,"minecraft:gravel":31,"minecraft:porkchop":2,"minecraft:pointed_dripstone":2,"minecraft:spruce_sapling":4,"minecraft:spruce_log":5,"minecraft:redstone":28,"minecraft:diamond_shovel":1,"minecraft:stone_shovel":1,"minecraft:peony":1,"minecraft:iron_helmet":1,"minecraft:granite":16,"minecraft:bread":12,"minecraft:coal":135,"minecraft:cobblestone":641,"minecraft:diamond_pickaxe":1},"minecraft:mined":{"create:zinc_ore":17,"minecraft:tuff":18,"minecraft:crafting_table":2,"minecraft:cornflower":1,"minecraft:granite":16,"minecraft:grass_block":166,"minecraft:calcite":18,"minecraft:copper_ore":85,"minecraft:cobblestone":15,"minecraft:spruce_leaves":9,"minecraft:lapis_ore":1,"minecraft:sugar_cane":2,"minecraft:diorite":5,"minecraft:large_fern":11,"minecraft:redstone_ore":6,"minecraft:furnace":1,"minecraft:birch_log":7,"minecraft:iron_ore":58,"minecraft:sweet_berry_bush":21,"minecraft:spruce_log":5,"minecraft:andesite":10,"minecraft:birch_leaves":2,"minecraft:deepslate_lapis_ore":4,"minecraft:peony":1,"minecraft:grass":7,"minecraft:pointed_dripstone":5,"minecraft:oak_log":8,"minecraft:coal_ore":139,"minecraft:dirt_path":1,"minecraft:dripstone_block":12,"minecraft:sunflower":1,"minecraft:gravel":44,"minecraft:dirt":286,"minecraft:stone":692,"create:limestone":38,"minecraft:oak_leaves":2,"minecraft:deepslate":85,"minecraft:fern":6},"minecraft:used":{"minecraft:stone_sword":9,"minecraft:stone_pickaxe":655,"minecraft:stone_shovel":444,"minecraft:chest":2,"minecraft:wooden_pickaxe":9,"minecraft:torch":52,"minecraft:dirt":14,"minecraft:crafting_table":3,"minecraft:golden_shovel":32,"magistuarmory:rustedhalfarmor_chestplate":1,"minecraft:diamond_pickaxe":359,"minecraft:bread":7,"minecraft:iron_pickaxe":209,"minecraft:stone_axe":24,"minecraft:cobblestone":107,"minecraft:furnace":1,"minecraft:cooked_porkchop":2,"minecraft:andesite":8,"minecraft:egg":1},"minecraft:crafted":{"minecraft:oak_planks":32,"minecraft:stone_shovel":7,"minecraft:cooked_porkchop":2,"minecraft:crafting_table":1,"minecraft:spruce_planks":20,"minecraft:wooden_pickaxe":1,"minecraft:furnace":1,"minecraft:birch_planks":28,"minecraft:stone_axe":1,"minecraft:air":0,"minecraft:shield":1,"minecraft:stick":56,"minecraft:iron_pickaxe":2,"minecraft:stone_pickaxe":5,"minecraft:stone_sword":1,"minecraft:chest":2,"minecraft:torch":100},"minecraft:broken":{"minecraft:stone_pickaxe":5,"minecraft:diamond_pickaxe":1,"minecraft:iron_pickaxe":1,"minecraft:golden_shovel":1,"minecraft:stone_shovel":3},"minecraft:dropped":{"minecraft:dripstone_block":4,"minecraft:pointed_dripstone":2,"minecraft:stone_shovel":2,"magistuarmory:rustedhalfarmor_chestplate":1,"minecraft:diamond_shovel":1,"minecraft:dirt":9,"minecraft:cornflower":1,"minecraft:wooden_pickaxe":1,"minecraft:spruce_sapling":1}},"DataVersion":3465}