{"stats":{"minecraft:killed_by":{"minecraft:skeleton":1},"minecraft:killed":{"minecraft:pig":1},"minecraft:custom":{"minecraft:interact_with_furnace":3,"minecraft:mob_kills":1,"minecraft:interact_with_crafting_table":18,"minecraft:leave_game":1,"minecraft:time_since_death":71689,"minecraft:sleep_in_bed":1,"minecraft:time_since_rest":49549,"minecraft:sprint_one_cm":145985,"minecraft:damage_taken":538,"minecraft:walk_one_cm":222637,"minecraft:drop":4,"minecraft:damage_dealt":287,"minecraft:swim_one_cm":8338,"minecraft:fly_one_cm":132995,"minecraft:open_chest":17,"minecraft:crouch_one_cm":1138,"minecraft:play_time":82173,"minecraft:deaths":1,"minecraft:sneak_time":448,"minecraft:walk_under_water_one_cm":5449,"minecraft:jump":882,"minecraft:walk_on_water_one_cm":17382,"minecraft:total_world_time":82173,"minecraft:fall_one_cm":19612},"minecraft:mined":{"minecraft:crafting_table":2,"minecraft:cornflower":1,"minecraft:granite":16,"minecraft:grass_block":166,"minecraft:calcite":6,"minecraft:copper_ore":6,"minecraft:cobblestone":5,"minecraft:spruce_leaves":9,"minecraft:sugar_cane":2,"minecraft:large_fern":11,"minecraft:furnace":1,"minecraft:birch_log":7,"minecraft:iron_ore":9,"minecraft:sweet_berry_bush":21,"minecraft:spruce_log":5,"minecraft:andesite":10,"minecraft:birch_leaves":2,"minecraft:peony":1,"minecraft:grass":7,"minecraft:pointed_dripstone":1,"minecraft:oak_log":8,"minecraft:coal_ore":118,"minecraft:dirt_path":1,"minecraft:dripstone_block":4,"minecraft:sunflower":1,"minecraft:gravel":43,"minecraft:dirt":286,"minecraft:stone":595,"create:limestone":8,"minecraft:oak_leaves":2,"minecraft:fern":6},"minecraft:picked_up":{"minecraft:birch_log":7,"minecraft:crafting_table":2,"minecraft:iron_chestplate":1,"minecraft:andesite":10,"minecraft:wooden_pickaxe":1,"minecraft:potato":5,"minecraft:golden_shovel":1,"minecraft:flint":1,"minecraft:oak_log":8,"minecraft:cornflower":1,"minecraft:dirt":388,"create:limestone":8,"minecraft:raw_copper":15,"minecraft:iron_axe":1,"minecraft:iron_leggings":1,"minecraft:wheat_seeds":1,"minecraft:rabbit_hide":1,"minecraft:iron_ingot":9,"minecraft:calcite":6,"minecraft:iron_pickaxe":1,"minecraft:sugar_cane":6,"minecraft:birch_sapling":3,"minecraft:iron_sword":1,"minecraft:iron_boots":1,"minecraft:furnace":1,"minecraft:stick":2,"minecraft:raw_iron":9,"minecraft:sweet_berries":103,"minecraft:dripstone_block":4,"minecraft:gravel":30,"minecraft:porkchop":2,"minecraft:spruce_sapling":4,"minecraft:spruce_log":5,"minecraft:diamond_shovel":1,"minecraft:stone_shovel":1,"minecraft:peony":1,"minecraft:iron_helmet":1,"minecraft:granite":16,"minecraft:bread":12,"minecraft:coal":117,"minecraft:cobblestone":534,"minecraft:diamond_pickaxe":1},"minecraft:used":{"minecraft:stone_sword":9,"minecraft:stone_pickaxe":655,"minecraft:stone_shovel":444,"minecraft:chest":2,"minecraft:wooden_pickaxe":9,"minecraft:torch":5,"minecraft:dirt":14,"minecraft:crafting_table":2,"minecraft:golden_shovel":32,"magistuarmory:rustedhalfarmor_chestplate":1,"minecraft:diamond_pickaxe":100,"minecraft:bread":5,"minecraft:iron_pickaxe":24,"minecraft:stone_axe":24,"minecraft:cobblestone":54,"minecraft:furnace":1,"minecraft:cooked_porkchop":2,"minecraft:andesite":8,"minecraft:egg":1},"minecraft:crafted":{"minecraft:oak_planks":32,"minecraft:stone_shovel":7,"minecraft:cooked_porkchop":2,"minecraft:crafting_table":1,"minecraft:spruce_planks":20,"minecraft:wooden_pickaxe":1,"minecraft:furnace":1,"minecraft:stone_axe":1,"minecraft:air":0,"minecraft:shield":1,"minecraft:stick":32,"minecraft:stone_pickaxe":5,"minecraft:stone_sword":1,"minecraft:chest":2,"minecraft:torch":20},"minecraft:broken":{"minecraft:stone_pickaxe":5,"minecraft:iron_pickaxe":1,"minecraft:golden_shovel":1,"minecraft:stone_shovel":3},"minecraft:dropped":{"minecraft:stone_shovel":1,"magistuarmory:rustedhalfarmor_chestplate":1,"minecraft:diamond_shovel":1,"minecraft:wooden_pickaxe":1}},"DataVersion":3465}