{"stats":{"minecraft:killed_by":{"minecraft:skeleton":1},"minecraft:killed":{"minecraft:pig":1},"minecraft:custom":{"minecraft:interact_with_furnace":3,"minecraft:mob_kills":1,"minecraft:interact_with_crafting_table":17,"minecraft:time_since_death":53121,"minecraft:sleep_in_bed":1,"minecraft:time_since_rest":30981,"minecraft:sprint_one_cm":131942,"minecraft:damage_taken":445,"minecraft:walk_one_cm":177898,"minecraft:drop":2,"minecraft:damage_dealt":234,"minecraft:swim_one_cm":8338,"minecraft:fly_one_cm":122377,"minecraft:open_chest":12,"minecraft:play_time":63605,"minecraft:deaths":1,"minecraft:sneak_time":54,"minecraft:walk_under_water_one_cm":4457,"minecraft:jump":799,"minecraft:walk_on_water_one_cm":14982,"minecraft:total_world_time":63605,"minecraft:fall_one_cm":17818},"minecraft:mined":{"minecraft:crafting_table":2,"minecraft:cornflower":1,"minecraft:granite":16,"minecraft:grass_block":165,"minecraft:spruce_leaves":9,"minecraft:sugar_cane":2,"minecraft:large_fern":5,"minecraft:furnace":1,"minecraft:birch_log":7,"minecraft:iron_ore":6,"minecraft:sweet_berry_bush":11,"minecraft:spruce_log":5,"minecraft:birch_leaves":2,"minecraft:peony":1,"minecraft:grass":6,"minecraft:oak_log":8,"minecraft:coal_ore":118,"minecraft:gravel":25,"minecraft:sunflower":1,"minecraft:dirt":279,"minecraft:stone":431,"minecraft:oak_leaves":2,"minecraft:fern":6},"minecraft:picked_up":{"minecraft:birch_log":7,"minecraft:crafting_table":2,"minecraft:wooden_pickaxe":1,"minecraft:potato":5,"minecraft:golden_shovel":1,"minecraft:oak_log":8,"minecraft:cornflower":1,"minecraft:dirt":379,"minecraft:wheat_seeds":1,"minecraft:rabbit_hide":1,"minecraft:iron_ingot":9,"minecraft:iron_pickaxe":1,"minecraft:sugar_cane":6,"minecraft:birch_sapling":3,"minecraft:furnace":1,"minecraft:stick":2,"minecraft:raw_iron":6,"minecraft:sweet_berries":83,"minecraft:gravel":30,"minecraft:porkchop":2,"minecraft:spruce_sapling":4,"minecraft:spruce_log":5,"minecraft:stone_shovel":1,"minecraft:peony":1,"minecraft:granite":16,"minecraft:bread":12,"minecraft:coal":117,"minecraft:cobblestone":375},"minecraft:used":{"minecraft:stone_sword":9,"minecraft:stone_shovel":418,"minecraft:stone_pickaxe":547,"minecraft:chest":2,"minecraft:wooden_pickaxe":9,"minecraft:dirt":14,"minecraft:crafting_table":2,"minecraft:golden_shovel":32,"magistuarmory:rustedhalfarmor_chestplate":1,"minecraft:bread":4,"minecraft:iron_pickaxe":24,"minecraft:stone_axe":24,"minecraft:cobblestone":19,"minecraft:furnace":1,"minecraft:cooked_porkchop":2},"minecraft:crafted":{"minecraft:oak_planks":24,"minecraft:stone_shovel":7,"minecraft:cooked_porkchop":2,"minecraft:crafting_table":1,"minecraft:spruce_planks":20,"minecraft:wooden_pickaxe":1,"minecraft:furnace":1,"minecraft:stone_axe":1,"minecraft:air":0,"minecraft:stick":28,"minecraft:stone_pickaxe":5,"minecraft:stone_sword":1,"minecraft:chest":2},"minecraft:broken":{"minecraft:stone_pickaxe":4,"minecraft:iron_pickaxe":1,"minecraft:golden_shovel":1,"minecraft:stone_shovel":3},"minecraft:dropped":{"minecraft:stone_shovel":1,"minecraft:wooden_pickaxe":1}},"DataVersion":3465}