{"stats":{"minecraft:killed_by":{"minecraft:skeleton":1},"minecraft:killed":{"minecraft:pig":5},"minecraft:custom":{"minecraft:interact_with_furnace":17,"minecraft:mob_kills":5,"minecraft:interact_with_crafting_table":29,"minecraft:interact_with_stonecutter":1,"minecraft:leave_game":2,"minecraft:time_since_death":142138,"minecraft:sleep_in_bed":3,"minecraft:time_since_rest":7167,"minecraft:sprint_one_cm":224807,"minecraft:damage_taken":806,"minecraft:walk_one_cm":393624,"minecraft:drop":38,"minecraft:damage_dealt":703,"minecraft:swim_one_cm":11625,"minecraft:fly_one_cm":175075,"minecraft:open_chest":38,"minecraft:crouch_one_cm":4173,"minecraft:play_time":152622,"minecraft:deaths":1,"minecraft:sneak_time":1799,"minecraft:walk_under_water_one_cm":20892,"minecraft:jump":1570,"minecraft:walk_on_water_one_cm":26828,"minecraft:total_world_time":152622,"minecraft:fall_one_cm":35274},"minecraft:mined":{"create:zinc_ore":32,"minecraft:deepslate_redstone_ore":12,"create:deepslate_zinc_ore":12,"minecraft:tuff":57,"minecraft:blackstone":9,"minecraft:deepslate_diamond_ore":3,"minecraft:cornflower":1,"minecraft:crafting_table":2,"minecraft:torch":1,"minecraft:granite":16,"minecraft:grass_block":167,"minecraft:calcite":20,"minecraft:copper_ore":85,"minecraft:cobblestone":20,"minecraft:spruce_leaves":10,"minecraft:lapis_ore":1,"minecraft:sugar_cane":2,"minecraft:diorite":5,"minecraft:wall_torch":3,"minecraft:large_fern":12,"minecraft:redstone_ore":6,"minecraft:magma_block":9,"minecraft:furnace":1,"minecraft:birch_log":7,"minecraft:iron_ore":60,"minecraft:sweet_berry_bush":21,"minecraft:spruce_log":11,"minecraft:birch_leaves":2,"minecraft:andesite":20,"minecraft:deepslate_lapis_ore":10,"minecraft:peony":1,"minecraft:grass":8,"minecraft:oak_log":8,"minecraft:pointed_dripstone":6,"minecraft:coal_ore":163,"minecraft:deepslate_iron_ore":2,"minecraft:dirt_path":1,"minecraft:sunflower":1,"minecraft:gravel":48,"minecraft:dripstone_block":15,"minecraft:dirt":287,"minecraft:stone":809,"create:limestone":47,"minecraft:oak_leaves":2,"minecraft:deepslate":533,"minecraft:fern":6},"minecraft:picked_up":{"minecraft:birch_log":7,"minecraft:crafting_table":2,"minecraft:iron_chestplate":1,"minecraft:andesite":12,"minecraft:wooden_pickaxe":1,"minecraft:potato":10,"minecraft:golden_shovel":1,"minecraft:flint":1,"create:raw_zinc":44,"minecraft:oak_log":8,"minecraft:lapis_lazuli":64,"minecraft:cornflower":1,"minecraft:dirt":390,"minecraft:raw_copper":174,"minecraft:iron_axe":1,"create:limestone":46,"minecraft:iron_leggings":1,"minecraft:wheat_seeds":1,"minecraft:cobbled_deepslate":238,"minecraft:rabbit_hide":4,"minecraft:stone_pickaxe":2,"minecraft:iron_ingot":9,"minecraft:calcite":20,"minecraft:iron_pickaxe":2,"minecraft:sugar_cane":6,"minecraft:birch_sapling":3,"minecraft:iron_sword":1,"minecraft:iron_boots":1,"minecraft:furnace":1,"minecraft:stick":2,"minecraft:raw_iron":72,"minecraft:sweet_berries":103,"minecraft:torch":5,"minecraft:dripstone_block":7,"minecraft:gravel":31,"minecraft:porkchop":9,"minecraft:spruce_sapling":4,"minecraft:pointed_dripstone":2,"minecraft:spruce_log":9,"minecraft:redstone":83,"minecraft:diamond":6,"minecraft:diamond_shovel":1,"minecraft:stone_shovel":6,"minecraft:peony":1,"minecraft:iron_helmet":1,"minecraft:granite":16,"minecraft:bread":16,"minecraft:coal":147,"minecraft:cobblestone":783,"minecraft:diamond_pickaxe":1},"minecraft:used":{"minecraft:water_bucket":20,"minecraft:stone_sword":9,"minecraft:stone_pickaxe":655,"minecraft:stone_shovel":448,"minecraft:chest":5,"minecraft:wooden_pickaxe":9,"minecraft:iron_sword":11,"minecraft:torch":81,"minecraft:dirt":14,"minecraft:crafting_table":5,"minecraft:golden_shovel":32,"magistuarmory:rustedhalfarmor_chestplate":1,"minecraft:diamond_pickaxe":359,"minecraft:bread":12,"minecraft:iron_pickaxe":942,"minecraft:gravel":1,"minecraft:stone_axe":31,"minecraft:cobblestone":161,"minecraft:furnace":3,"minecraft:cooked_porkchop":2,"minecraft:bucket":21,"minecraft:andesite":8,"minecraft:egg":1},"minecraft:crafted":{"minecraft:oak_planks":32,"minecraft:stone_shovel":7,"minecraft:cooked_porkchop":6,"minecraft:crafting_table":3,"minecraft:spruce_planks":36,"minecraft:baked_potato":2,"minecraft:wooden_pickaxe":1,"minecraft:furnace":2,"minecraft:bucket":1,"minecraft:birch_planks":28,"minecraft:stone_axe":1,"minecraft:air":0,"minecraft:shield":1,"minecraft:stick":64,"minecraft:iron_ingot":50,"minecraft:iron_pickaxe":4,"minecraft:stone_pickaxe":6,"minecraft:stone_sword":1,"minecraft:chest":5,"minecraft:torch":100},"minecraft:broken":{"minecraft:stone_pickaxe":5,"minecraft:diamond_pickaxe":1,"minecraft:iron_pickaxe":4,"minecraft:golden_shovel":1,"minecraft:stone_shovel":3},"minecraft:dropped":{"minecraft:iron_ingot":43,"minecraft:birch_planks":1,"minecraft:cobbled_deepslate":32,"minecraft:diamond":6,"minecraft:dripstone_block":4,"minecraft:raw_iron":10,"minecraft:pointed_dripstone":2,"minecraft:stone_shovel":7,"minecraft:cobblestone":177,"magistuarmory:rustedhalfarmor_chestplate":1,"minecraft:diamond_shovel":1,"minecraft:rabbit_hide":3,"minecraft:potato":5,"minecraft:dirt":9,"minecraft:peony":1,"minecraft:cornflower":1,"minecraft:andesite":2,"minecraft:stone_pickaxe":2,"minecraft:wooden_pickaxe":1,"minecraft:iron_pickaxe":1,"minecraft:spruce_sapling":1}},"DataVersion":3465}