{"stats":{"minecraft:custom":{"minecraft:jump":96,"minecraft:time_since_rest":4680,"minecraft:crouch_one_cm":92,"minecraft:sprint_one_cm":5409,"minecraft:play_time":4680,"minecraft:damage_taken":70,"minecraft:time_since_death":4680,"minecraft:walk_one_cm":1509,"minecraft:sneak_time":32,"minecraft:total_world_time":4680,"minecraft:fall_one_cm":4554,"minecraft:fly_one_cm":24254},"minecraft:picked_up":{"minecraft:oak_log":2},"minecraft:mined":{"minecraft:grass":1,"minecraft:oak_log":2,"minecraft:dandelion":1}},"DataVersion":3465}