{"stats":{"minecraft:killed_by":{"minecraft:skeleton":2,"minecraft:creeper":1},"minecraft:killed":{"minecraft:pig":4,"minecraft:spider":6,"minecraft:creeper":1,"minecraft:sheep":4,"minecraft:skeleton":2,"minecraft:zombie":14,"minecraft:donkey":2,"minecraft:cow":4},"minecraft:custom":{"minecraft:interact_with_furnace":29,"minecraft:mob_kills":37,"minecraft:play_record":1,"minecraft:interact_with_crafting_table":27,"minecraft:open_barrel":2,"minecraft:leave_game":2,"minecraft:time_since_death":6039,"minecraft:sleep_in_bed":1,"minecraft:time_since_rest":6089,"minecraft:sprint_one_cm":174500,"minecraft:damage_taken":2585,"minecraft:walk_one_cm":112567,"minecraft:drop":21,"minecraft:damage_dealt":5907,"minecraft:swim_one_cm":8934,"minecraft:fly_one_cm":303575,"minecraft:open_chest":5,"minecraft:play_time":65677,"minecraft:crouch_one_cm":1287,"minecraft:deaths":5,"minecraft:sneak_time":635,"minecraft:walk_under_water_one_cm":3994,"minecraft:jump":1577,"minecraft:interact_with_blast_furnace":30,"minecraft:walk_on_water_one_cm":15063,"minecraft:interact_with_smoker":9,"minecraft:total_world_time":65677,"minecraft:fall_one_cm":55590},"minecraft:picked_up":{"minecraft:cooked_beef":8,"magistuarmory:rustedchainmail_boots":1,"minecraft:andesite":1,"minecraft:brown_wool":2,"minecraft:leather":7,"minecraft:smoker":2,"minecraft:potato":1,"minecraft:oak_log":57,"minecraft:gunpowder":2,"minecraft:string":5,"minecraft:raw_copper":3,"minecraft:iron_leggings":1,"minecraft:bone":6,"minecraft:cobbled_deepslate":3,"minecraft:smooth_stone":13,"minecraft:iron_ingot":1,"minecraft:beef":8,"minecraft:oak_planks":6,"minecraft:furnace":2,"minecraft:raw_iron":92,"minecraft:music_disc_13":1,"minecraft:cooked_porkchop":7,"minecraft:torch":5,"minecraft:porkchop":8,"magistuarmory:rustednorman_helmet":1,"minecraft:cookie":3,"minecraft:blast_furnace":5,"minecraft:redstone":5,"minecraft:spider_eye":1,"minecraft:arrow":4,"minecraft:oak_wood":17,"minecraft:light_gray_bed":8,"minecraft:rotten_flesh":10,"magistuarmory:steel_ingot":7,"minecraft:diamond":9,"magistuarmory:rustedcrusader_boots":2,"minecraft:gray_wool":1,"minecraft:mutton":8,"minecraft:coal":112,"minecraft:white_wool":2,"minecraft:cobblestone":107,"minecraft:oxeye_daisy":3},"minecraft:mined":{"minecraft:deepslate_redstone_ore":1,"minecraft:diamond_ore":2,"minecraft:deepslate_diamond_ore":7,"minecraft:smoker":2,"minecraft:dandelion":1,"minecraft:torch":2,"minecraft:blast_furnace":5,"minecraft:oak_wood":17,"minecraft:light_gray_bed":8,"minecraft:tall_grass":1,"minecraft:copper_ore":1,"minecraft:cobblestone":1,"minecraft:oak_planks":6,"minecraft:oxeye_daisy":3,"minecraft:wall_torch":1,"minecraft:furnace":2,"minecraft:iron_ore":89,"realmrpg_skeletons:acrobat_skeleton":1,"minecraft:andesite":1,"minecraft:grass":7,"minecraft:oak_log":59,"minecraft:coal_ore":52,"minecraft:deepslate_iron_ore":3,"minecraft:stone":115,"minecraft:deepslate":4,"minecraft:oak_leaves":1},"minecraft:used":{"minecraft:stone_pickaxe":122,"minecraft:oak_planks":23,"minecraft:wooden_pickaxe":8,"magistuarmory:knight_boots":1,"minecraft:torch":9,"minecraft:mutton":2,"minecraft:crafting_table":6,"minecraft:blast_furnace":5,"minecraft:music_disc_13":1,"minecraft:smoker":2,"minecraft:lava_bucket":8,"magistuarmoryaddon:steel_falchion":63,"minecraft:iron_axe":6,"minecraft:iron_pickaxe":161,"minecraft:stone_axe":107,"minecraft:cobblestone":11,"minecraft:furnace":4,"minecraft:cooked_porkchop":8,"minecraft:bucket":9,"minecraft:andesite":1,"minecraft:cooked_beef":8,"minecraft:light_gray_bed":9},"minecraft:crafted":{"magistuarmory:steel_nugget":9,"minecraft:oak_planks":84,"minecraft:cooked_porkchop":1,"minecraft:crafting_table":5,"minecraft:wooden_pickaxe":1,"minecraft:iron_helmet":1,"magistuarmory:knight_boots":1,"minecraft:furnace":5,"minecraft:blast_furnace":2,"magistuarmoryaddon:steel_falchion":1,"minecraft:light_gray_wool":3,"minecraft:stone":19,"minecraft:bucket":1,"minecraft:stone_axe":1,"minecraft:air":0,"magistuarmory:halfarmor_chestplate":1,"minecraft:light_gray_bed":1,"magistuarmory:hilt":1,"minecraft:iron_boots":1,"minecraft:iron_chestplate":1,"magistuarmory:knight_leggings":1,"minecraft:charcoal":7,"magistuarmory:steel_shortsword":1,"minecraft:iron_axe":1,"magistuarmory:steel_ingot":39,"minecraft:stick":16,"minecraft:iron_ingot":90,"minecraft:iron_pickaxe":1,"minecraft:stone_pickaxe":1,"minecraft:iron_leggings":1,"minecraft:light_gray_dye":3,"magistuarmory:armet":1,"magistuarmory:barbute":1,"minecraft:torch":4,"magistuarmory:steel_plate":18,"magistuarmory:leather_strip":6,"minecraft:smoker":1},"minecraft:dropped":{"minecraft:stone_axe":2,"minecraft:raw_copper":3,"minecraft:rotten_flesh":10,"magistuarmory:rustedcrusader_boots":1,"minecraft:wooden_axe":1,"minecraft:brown_wool":2,"minecraft:arrow":1,"minecraft:spider_eye":1,"minecraft:iron_leggings":1,"minecraft:stone_pickaxe":2,"minecraft:wooden_pickaxe":2,"magistuarmory:rustedchainmail_boots":1,"minecraft:string":1}},"DataVersion":3465}