{"stats":{"minecraft:killed_by":{"minecraft:skeleton":1},"minecraft:killed":{"minecraft:sheep":3,"minecraft:donkey":2,"minecraft:zombie":1,"minecraft:pig":4,"minecraft:cow":4},"minecraft:custom":{"minecraft:time_since_rest":7329,"minecraft:sprint_one_cm":37914,"minecraft:damage_taken":632,"minecraft:walk_one_cm":28246,"minecraft:mob_kills":14,"minecraft:drop":1,"minecraft:damage_dealt":1789,"minecraft:interact_with_crafting_table":6,"minecraft:fly_one_cm":92373,"minecraft:crouch_one_cm":376,"minecraft:play_time":16680,"minecraft:deaths":2,"minecraft:sneak_time":125,"minecraft:jump":456,"minecraft:time_since_death":7304,"minecraft:interact_with_smoker":5,"minecraft:total_world_time":16680,"minecraft:fall_one_cm":19351},"minecraft:mined":{"minecraft:dandelion":1,"minecraft:grass":3,"minecraft:oak_wood":5,"minecraft:oak_log":18,"minecraft:coal_ore":24,"minecraft:copper_ore":1,"minecraft:tall_grass":1,"minecraft:stone":42,"minecraft:oak_leaves":1},"minecraft:picked_up":{"minecraft:brown_wool":1,"minecraft:leather":7,"minecraft:porkchop":8,"minecraft:oak_log":18,"minecraft:raw_copper":3,"minecraft:oak_wood":5,"minecraft:rotten_flesh":2,"minecraft:beef":8,"minecraft:mutton":6,"minecraft:coal":17,"minecraft:white_wool":2,"minecraft:cobblestone":41},"minecraft:used":{"minecraft:stone_pickaxe":61,"minecraft:wooden_pickaxe":8,"minecraft:stone_axe":44,"minecraft:torch":3,"minecraft:cobblestone":5,"minecraft:crafting_table":2,"minecraft:cooked_porkchop":1,"minecraft:smoker":1},"minecraft:crafted":{"minecraft:oak_planks":56,"minecraft:cooked_porkchop":1,"minecraft:crafting_table":1,"minecraft:stick":8,"minecraft:wooden_pickaxe":1,"minecraft:stone_pickaxe":1,"minecraft:furnace":1,"minecraft:torch":4,"minecraft:stone_axe":1,"minecraft:air":0,"minecraft:smoker":1},"minecraft:dropped":{"minecraft:wooden_pickaxe":1}},"DataVersion":3465}