{"stats":{"minecraft:killed_by":{"minecraft:skeleton":2},"minecraft:killed":{"minecraft:sheep":4,"minecraft:donkey":2,"minecraft:zombie":1,"minecraft:pig":4,"minecraft:spider":1,"minecraft:cow":4},"minecraft:custom":{"minecraft:time_since_rest":4592,"minecraft:interact_with_furnace":9,"minecraft:sprint_one_cm":68734,"minecraft:damage_taken":1162,"minecraft:walk_one_cm":47573,"minecraft:mob_kills":16,"minecraft:drop":2,"minecraft:damage_dealt":2029,"minecraft:swim_one_cm":8494,"minecraft:interact_with_crafting_table":11,"minecraft:fly_one_cm":134814,"minecraft:crouch_one_cm":580,"minecraft:play_time":28680,"minecraft:deaths":3,"minecraft:sneak_time":225,"minecraft:walk_under_water_one_cm":3952,"minecraft:jump":752,"minecraft:walk_on_water_one_cm":12427,"minecraft:time_since_death":4568,"minecraft:interact_with_smoker":5,"minecraft:total_world_time":28680,"minecraft:fall_one_cm":26364},"minecraft:mined":{"minecraft:iron_ore":38,"minecraft:smoker":1,"minecraft:dandelion":1,"minecraft:torch":2,"minecraft:grass":7,"minecraft:oak_wood":17,"minecraft:oak_log":59,"minecraft:coal_ore":29,"minecraft:light_gray_bed":1,"minecraft:copper_ore":1,"minecraft:tall_grass":1,"minecraft:cobblestone":1,"minecraft:stone":57,"minecraft:oxeye_daisy":3,"minecraft:wall_torch":1,"minecraft:oak_leaves":1},"minecraft:picked_up":{"minecraft:raw_iron":35,"minecraft:cooked_porkchop":7,"minecraft:brown_wool":1,"minecraft:leather":7,"minecraft:torch":3,"minecraft:smoker":1,"minecraft:porkchop":8,"minecraft:oak_log":57,"minecraft:string":1,"minecraft:raw_copper":3,"minecraft:light_gray_bed":1,"minecraft:oak_wood":17,"minecraft:rotten_flesh":2,"minecraft:beef":8,"minecraft:gray_wool":1,"minecraft:mutton":8,"minecraft:coal":42,"minecraft:white_wool":2,"minecraft:cobblestone":54,"minecraft:oxeye_daisy":3},"minecraft:used":{"minecraft:oak_planks":15,"minecraft:stone_pickaxe":122,"minecraft:wooden_pickaxe":8,"minecraft:stone_axe":107,"minecraft:torch":5,"minecraft:cobblestone":7,"minecraft:crafting_table":4,"minecraft:furnace":4,"minecraft:cooked_porkchop":4,"minecraft:light_gray_bed":2,"minecraft:smoker":1},"minecraft:crafted":{"minecraft:light_gray_bed":1,"minecraft:oak_planks":76,"minecraft:charcoal":7,"minecraft:cooked_porkchop":1,"minecraft:crafting_table":3,"minecraft:stick":8,"minecraft:wooden_pickaxe":1,"minecraft:stone_pickaxe":1,"minecraft:furnace":5,"minecraft:light_gray_dye":3,"minecraft:light_gray_wool":3,"minecraft:torch":4,"minecraft:stone_axe":1,"minecraft:air":0,"minecraft:smoker":1},"minecraft:dropped":{"minecraft:stone_axe":1,"minecraft:wooden_pickaxe":1}},"DataVersion":3465}