{"stats":{"minecraft:killed_by":{"minecraft:skeleton":2},"minecraft:killed":{"minecraft:pig":4,"minecraft:spider":1,"minecraft:sheep":4,"minecraft:zombie":3,"minecraft:donkey":2,"minecraft:cow":4},"minecraft:custom":{"minecraft:interact_with_furnace":29,"minecraft:mob_kills":18,"minecraft:interact_with_crafting_table":26,"minecraft:leave_game":2,"minecraft:time_since_death":18954,"minecraft:sleep_in_bed":1,"minecraft:time_since_rest":18384,"minecraft:sprint_one_cm":117776,"minecraft:damage_taken":1242,"minecraft:walk_one_cm":76058,"minecraft:drop":11,"minecraft:damage_dealt":2428,"minecraft:swim_one_cm":8494,"minecraft:fly_one_cm":161805,"minecraft:play_time":47677,"minecraft:crouch_one_cm":929,"minecraft:deaths":4,"minecraft:sneak_time":399,"minecraft:walk_under_water_one_cm":3952,"minecraft:jump":962,"minecraft:interact_with_blast_furnace":27,"minecraft:walk_on_water_one_cm":12427,"minecraft:interact_with_smoker":5,"minecraft:total_world_time":47677,"minecraft:fall_one_cm":32013},"minecraft:mined":{"minecraft:smoker":1,"minecraft:dandelion":1,"minecraft:torch":2,"minecraft:blast_furnace":2,"minecraft:oak_wood":17,"minecraft:light_gray_bed":3,"minecraft:tall_grass":1,"minecraft:copper_ore":1,"minecraft:cobblestone":1,"minecraft:oak_planks":6,"minecraft:oxeye_daisy":3,"minecraft:wall_torch":1,"minecraft:furnace":2,"minecraft:iron_ore":87,"minecraft:andesite":1,"minecraft:grass":7,"minecraft:oak_log":59,"minecraft:coal_ore":52,"minecraft:stone":113,"minecraft:oak_leaves":1},"minecraft:picked_up":{"minecraft:andesite":1,"minecraft:brown_wool":1,"minecraft:leather":7,"minecraft:smoker":1,"minecraft:oak_log":57,"minecraft:string":1,"minecraft:raw_copper":3,"minecraft:iron_leggings":1,"minecraft:smooth_stone":13,"minecraft:beef":8,"minecraft:oak_planks":6,"minecraft:furnace":2,"minecraft:raw_iron":86,"minecraft:cooked_porkchop":7,"minecraft:torch":3,"minecraft:porkchop":8,"minecraft:blast_furnace":2,"minecraft:oak_wood":17,"minecraft:light_gray_bed":3,"minecraft:rotten_flesh":3,"minecraft:gray_wool":1,"minecraft:mutton":8,"minecraft:coal":85,"minecraft:white_wool":2,"minecraft:cobblestone":105,"minecraft:oxeye_daisy":3},"minecraft:used":{"minecraft:stone_pickaxe":122,"minecraft:oak_planks":19,"minecraft:wooden_pickaxe":8,"magistuarmory:knight_boots":1,"minecraft:torch":5,"minecraft:crafting_table":5,"minecraft:blast_furnace":4,"minecraft:smoker":1,"magistuarmoryaddon:steel_falchion":6,"minecraft:iron_axe":6,"minecraft:iron_pickaxe":134,"minecraft:stone_axe":107,"minecraft:cobblestone":9,"minecraft:furnace":4,"minecraft:cooked_porkchop":5,"minecraft:andesite":1,"minecraft:light_gray_bed":4},"minecraft:crafted":{"magistuarmory:steel_nugget":9,"minecraft:oak_planks":84,"minecraft:cooked_porkchop":1,"minecraft:crafting_table":4,"minecraft:wooden_pickaxe":1,"minecraft:iron_helmet":1,"magistuarmory:knight_boots":1,"minecraft:furnace":5,"minecraft:blast_furnace":2,"magistuarmoryaddon:steel_falchion":1,"minecraft:light_gray_wool":3,"minecraft:stone":19,"minecraft:stone_axe":1,"minecraft:air":0,"magistuarmory:halfarmor_chestplate":1,"minecraft:light_gray_bed":1,"magistuarmory:hilt":1,"minecraft:iron_boots":1,"minecraft:iron_chestplate":1,"magistuarmory:knight_leggings":1,"minecraft:charcoal":7,"magistuarmory:steel_shortsword":1,"minecraft:iron_axe":1,"magistuarmory:steel_ingot":39,"minecraft:stick":16,"minecraft:iron_ingot":86,"minecraft:iron_pickaxe":1,"minecraft:stone_pickaxe":1,"minecraft:iron_leggings":1,"minecraft:light_gray_dye":3,"magistuarmory:armet":1,"magistuarmory:barbute":1,"minecraft:torch":4,"magistuarmory:steel_plate":18,"magistuarmory:leather_strip":6,"minecraft:smoker":1},"minecraft:dropped":{"minecraft:stone_axe":2,"minecraft:raw_copper":3,"minecraft:rotten_flesh":2,"minecraft:wooden_axe":1,"minecraft:iron_leggings":1,"minecraft:stone_pickaxe":2,"minecraft:wooden_pickaxe":2,"minecraft:string":1}},"DataVersion":3465}