{"stats":{"minecraft:killed":{"minecraft:salmon":2,"minecraft:creeper":1,"minecraft:sheep":1,"minecraft:zombie":2},"minecraft:custom":{"minecraft:interact_with_furnace":30,"minecraft:mob_kills":6,"minecraft:interact_with_crafting_table":27,"minecraft:bell_ring":1,"minecraft:time_since_death":128937,"minecraft:sleep_in_bed":3,"minecraft:time_since_rest":44487,"minecraft:sprint_one_cm":207638,"minecraft:damage_taken":807,"minecraft:walk_one_cm":390937,"minecraft:damage_blocked_by_shield":210,"minecraft:drop":22,"minecraft:damage_dealt":802,"minecraft:swim_one_cm":17223,"minecraft:fly_one_cm":185885,"minecraft:open_chest":24,"minecraft:crouch_one_cm":41467,"minecraft:play_time":134658,"minecraft:deaths":2,"minecraft:sneak_time":8155,"minecraft:walk_under_water_one_cm":6867,"minecraft:jump":1617,"minecraft:walk_on_water_one_cm":8721,"minecraft:total_world_time":134658,"minecraft:fall_one_cm":39206},"minecraft:mined":{"minecraft:deepslate_redstone_ore":5,"minecraft:deepslate_diamond_ore":3,"minecraft:sculk_vein":6,"minecraft:crafting_table":7,"minecraft:grass_block":654,"minecraft:calcite":5,"minecraft:sculk_sensor":7,"minecraft:tall_grass":2,"minecraft:cobblestone":7,"minecraft:spruce_leaves":50,"minecraft:sculk":199,"minecraft:large_fern":1,"minecraft:purple_bed":2,"minecraft:sculk_catalyst":1,"minecraft:furnace":2,"minecraft:birch_log":27,"minecraft:iron_ore":56,"minecraft:sweet_berry_bush":33,"spelunkers_charm:deepslate_rock_pile_3":2,"minecraft:spruce_log":65,"minecraft:birch_leaves":17,"minecraft:andesite":13,"minecraft:deepslate_lapis_ore":6,"minecraft:grass":9,"minecraft:sculk_shrieker":1,"minecraft:coal_ore":46,"minecraft:oak_log":66,"minecraft:dripstone_block":6,"minecraft:gravel":47,"minecraft:dirt":709,"minecraft:stone":1342,"minecraft:oak_leaves":30,"minecraft:deepslate":2,"minecraft:fern":5},"minecraft:picked_up":{"minecraft:birch_log":27,"minecraft:crafting_table":7,"magistuarmory:rustedhalfarmor_chestplate":2,"minecraft:water_bucket":1,"minecraft:salmon":2,"minecraft:andesite":13,"spelunkers_charm:deepslate_rock":6,"minecraft:flint":5,"minecraft:oak_log":64,"minecraft:gunpowder":1,"minecraft:lapis_lazuli":44,"minecraft:dirt":1383,"minecraft:wheat_seeds":1,"minecraft:cobbled_deepslate":2,"minecraft:iron_ingot":1,"minecraft:calcite":5,"minecraft:birch_sapling":5,"minecraft:iron_sword":1,"minecraft:furnace":2,"minecraft:stick":22,"minecraft:raw_iron":62,"minecraft:sweet_berries":86,"minecraft:gravel":37,"minecraft:spruce_sapling":13,"minecraft:spruce_log":65,"minecraft:redstone":22,"minecraft:diamond_shovel":1,"minecraft:purple_bed":2,"minecraft:rotten_flesh":2,"minecraft:diamond":5,"minecraft:oak_sapling":14,"minecraft:mutton":1,"minecraft:coal":53,"minecraft:white_wool":1,"minecraft:cobblestone":1342,"minecraft:diamond_pickaxe":1},"minecraft:used":{"minecraft:stone_sword":2,"minecraft:iron_shovel":1003,"minecraft:stone_pickaxe":18,"minecraft:chest":2,"minecraft:shield":1,"minecraft:wooden_pickaxe":18,"minecraft:iron_sword":13,"minecraft:iron_chestplate":1,"minecraft:torch":1,"minecraft:dirt":458,"minecraft:mutton":1,"minecraft:crafting_table":8,"minecraft:golden_shovel":64,"minecraft:iron_hoe":214,"minecraft:wooden_axe":1,"minecraft:diamond_pickaxe":1201,"minecraft:apple":5,"minecraft:diamond_shovel":336,"minecraft:iron_axe":50,"minecraft:bread":2,"minecraft:iron_pickaxe":259,"minecraft:stone_axe":132,"minecraft:cobblestone":122,"minecraft:sweet_berries":54,"minecraft:purple_bed":2,"minecraft:furnace":3},"minecraft:broken":{"minecraft:iron_shovel":4,"minecraft:stone_axe":1,"minecraft:iron_pickaxe":1,"minecraft:golden_shovel":2},"minecraft:crafted":{"minecraft:oak_planks":72,"minecraft:crafting_table":3,"minecraft:wooden_pickaxe":2,"minecraft:iron_helmet":1,"minecraft:furnace":1,"minecraft:golden_shovel":3,"minecraft:diamond_shovel":1,"minecraft:stone_axe":2,"minecraft:air":0,"minecraft:iron_boots":1,"minecraft:iron_chestplate":1,"minecraft:diamond_pickaxe":1,"minecraft:shield":1,"minecraft:iron_axe":2,"minecraft:iron_hoe":1,"minecraft:stick":24,"minecraft:iron_ingot":55,"minecraft:iron_shovel":4,"minecraft:iron_pickaxe":2,"minecraft:stone_pickaxe":2,"minecraft:wooden_axe":1,"minecraft:chest":2,"minecraft:stone_sword":1,"minecraft:iron_leggings":1,"minecraft:torch":4},"minecraft:dropped":{"minecraft:iron_ingot":19,"minecraft:iron_sword":2,"minecraft:sweet_berries":32,"minecraft:wheat_seeds":1,"minecraft:stone_sword":1,"minecraft:diamond":2,"minecraft:iron_helmet":1,"minecraft:iron_boots":1,"minecraft:diamond_shovel":1,"minecraft:golden_shovel":1,"minecraft:iron_chestplate":1,"minecraft:diamond_pickaxe":2,"minecraft:iron_leggings":1,"minecraft:leather_leggings":1,"minecraft:iron_axe":1,"minecraft:stone_pickaxe":1,"minecraft:wooden_pickaxe":1,"minecraft:spruce_sapling":8}},"DataVersion":3465}