{"stats":{"minecraft:killed":{"minecraft:salmon":2,"minecraft:sheep":1,"minecraft:zombie":2},"minecraft:custom":{"minecraft:interact_with_furnace":19,"minecraft:mob_kills":5,"minecraft:interact_with_crafting_table":16,"minecraft:time_since_death":38937,"minecraft:sleep_in_bed":2,"minecraft:time_since_rest":25705,"minecraft:sprint_one_cm":102364,"minecraft:damage_taken":639,"minecraft:walk_one_cm":96165,"minecraft:damage_blocked_by_shield":210,"minecraft:drop":7,"minecraft:damage_dealt":602,"minecraft:swim_one_cm":16792,"minecraft:fly_one_cm":92641,"minecraft:open_chest":5,"minecraft:crouch_one_cm":12110,"minecraft:play_time":44658,"minecraft:deaths":2,"minecraft:sneak_time":2384,"minecraft:walk_under_water_one_cm":6811,"minecraft:jump":700,"minecraft:walk_on_water_one_cm":8296,"minecraft:total_world_time":44658,"minecraft:fall_one_cm":21977},"minecraft:mined":{"minecraft:deepslate_redstone_ore":5,"minecraft:deepslate_diamond_ore":3,"minecraft:sculk_vein":6,"minecraft:crafting_table":6,"minecraft:grass_block":2,"minecraft:calcite":5,"minecraft:sculk_sensor":7,"minecraft:tall_grass":2,"minecraft:spruce_leaves":1,"minecraft:sculk":199,"minecraft:purple_bed":2,"minecraft:sculk_catalyst":1,"minecraft:furnace":2,"minecraft:iron_ore":44,"minecraft:sweet_berry_bush":33,"spelunkers_charm:deepslate_rock_pile_3":2,"minecraft:andesite":1,"minecraft:deepslate_lapis_ore":6,"minecraft:grass":5,"minecraft:sculk_shrieker":1,"minecraft:coal_ore":21,"minecraft:oak_log":18,"minecraft:dripstone_block":6,"minecraft:gravel":3,"minecraft:dirt":3,"minecraft:stone":213,"minecraft:oak_leaves":4,"minecraft:deepslate":2,"minecraft:fern":5},"minecraft:picked_up":{"minecraft:crafting_table":6,"magistuarmory:rustedhalfarmor_chestplate":1,"minecraft:salmon":2,"minecraft:andesite":1,"spelunkers_charm:deepslate_rock":6,"minecraft:oak_log":18,"minecraft:lapis_lazuli":44,"minecraft:dirt":5,"minecraft:wheat_seeds":1,"minecraft:cobbled_deepslate":2,"minecraft:iron_ingot":1,"minecraft:calcite":5,"minecraft:furnace":2,"minecraft:stick":2,"minecraft:raw_iron":50,"minecraft:sweet_berries":86,"minecraft:gravel":3,"minecraft:spruce_sapling":8,"minecraft:redstone":22,"minecraft:purple_bed":2,"minecraft:rotten_flesh":2,"minecraft:diamond":3,"minecraft:mutton":1,"minecraft:coal":26,"minecraft:white_wool":1,"minecraft:cobblestone":201},"minecraft:used":{"minecraft:stone_sword":2,"minecraft:stone_pickaxe":18,"minecraft:shield":1,"minecraft:wooden_pickaxe":18,"minecraft:iron_sword":10,"minecraft:iron_chestplate":1,"minecraft:torch":1,"minecraft:mutton":1,"minecraft:crafting_table":7,"minecraft:iron_hoe":214,"minecraft:wooden_axe":1,"minecraft:diamond_pickaxe":23,"minecraft:bread":2,"minecraft:iron_pickaxe":252,"minecraft:stone_axe":18,"minecraft:cobblestone":30,"minecraft:sweet_berries":15,"minecraft:purple_bed":1,"minecraft:furnace":2},"minecraft:broken":{"minecraft:iron_pickaxe":1},"minecraft:crafted":{"minecraft:oak_planks":44,"minecraft:crafting_table":3,"minecraft:wooden_pickaxe":2,"minecraft:iron_helmet":1,"minecraft:furnace":1,"minecraft:stone_axe":2,"minecraft:air":0,"minecraft:iron_boots":1,"minecraft:iron_chestplate":1,"minecraft:diamond_pickaxe":1,"minecraft:shield":1,"minecraft:iron_hoe":1,"minecraft:stick":24,"minecraft:iron_ingot":24,"minecraft:iron_pickaxe":1,"minecraft:stone_pickaxe":2,"minecraft:wooden_axe":1,"minecraft:stone_sword":1,"minecraft:iron_leggings":1,"minecraft:torch":4},"minecraft:dropped":{"minecraft:wheat_seeds":1,"minecraft:stone_sword":1,"minecraft:leather_leggings":1,"minecraft:stone_pickaxe":1,"minecraft:wooden_pickaxe":1,"minecraft:spruce_sapling":8}},"DataVersion":3465}