{"stats":{"minecraft:killed":{"minecraft:salmon":2,"minecraft:sheep":1,"minecraft:zombie":1},"minecraft:custom":{"minecraft:interact_with_furnace":9,"minecraft:mob_kills":4,"minecraft:interact_with_crafting_table":13,"minecraft:time_since_death":26937,"minecraft:sleep_in_bed":2,"minecraft:time_since_rest":13705,"minecraft:sprint_one_cm":73943,"minecraft:damage_taken":589,"minecraft:walk_one_cm":71373,"minecraft:drop":6,"minecraft:damage_dealt":341,"minecraft:swim_one_cm":16792,"minecraft:fly_one_cm":63105,"minecraft:open_chest":5,"minecraft:crouch_one_cm":9219,"minecraft:play_time":32658,"minecraft:deaths":2,"minecraft:sneak_time":1702,"minecraft:walk_under_water_one_cm":6096,"minecraft:jump":439,"minecraft:walk_on_water_one_cm":6345,"minecraft:total_world_time":32658,"minecraft:fall_one_cm":15074},"minecraft:mined":{"minecraft:deepslate_redstone_ore":5,"minecraft:deepslate_diamond_ore":3,"minecraft:sculk_vein":6,"minecraft:crafting_table":5,"minecraft:grass_block":2,"minecraft:calcite":5,"minecraft:sculk_sensor":7,"minecraft:tall_grass":2,"minecraft:spruce_leaves":1,"minecraft:sculk":199,"minecraft:purple_bed":2,"minecraft:sculk_catalyst":1,"minecraft:furnace":1,"minecraft:iron_ore":11,"minecraft:sweet_berry_bush":33,"spelunkers_charm:deepslate_rock_pile_3":2,"minecraft:andesite":1,"minecraft:deepslate_lapis_ore":6,"minecraft:grass":5,"minecraft:sculk_shrieker":1,"minecraft:coal_ore":16,"minecraft:oak_log":18,"minecraft:dirt":3,"minecraft:stone":35,"minecraft:oak_leaves":4,"minecraft:deepslate":2,"minecraft:fern":5},"minecraft:picked_up":{"minecraft:crafting_table":5,"minecraft:salmon":2,"minecraft:andesite":1,"spelunkers_charm:deepslate_rock":6,"minecraft:oak_log":18,"minecraft:lapis_lazuli":44,"minecraft:dirt":5,"minecraft:wheat_seeds":1,"minecraft:cobbled_deepslate":2,"minecraft:calcite":5,"minecraft:furnace":1,"minecraft:stick":2,"minecraft:raw_iron":11,"minecraft:sweet_berries":86,"minecraft:spruce_sapling":8,"minecraft:redstone":22,"minecraft:purple_bed":2,"minecraft:rotten_flesh":2,"minecraft:diamond":3,"minecraft:mutton":1,"minecraft:coal":16,"minecraft:white_wool":1,"minecraft:cobblestone":32},"minecraft:used":{"minecraft:stone_sword":2,"minecraft:stone_pickaxe":18,"minecraft:wooden_pickaxe":18,"minecraft:iron_sword":4,"minecraft:iron_chestplate":1,"minecraft:torch":1,"minecraft:mutton":1,"minecraft:crafting_table":6,"minecraft:iron_hoe":214,"minecraft:wooden_axe":1,"minecraft:iron_pickaxe":52,"minecraft:stone_axe":17,"minecraft:cobblestone":3,"minecraft:sweet_berries":15,"minecraft:purple_bed":1,"minecraft:furnace":1},"minecraft:crafted":{"minecraft:oak_planks":44,"minecraft:crafting_table":3,"minecraft:wooden_pickaxe":2,"minecraft:furnace":1,"minecraft:stone_axe":2,"minecraft:air":0,"minecraft:iron_chestplate":1,"minecraft:diamond_pickaxe":1,"minecraft:shield":1,"minecraft:iron_hoe":1,"minecraft:stick":24,"minecraft:iron_ingot":11,"minecraft:iron_pickaxe":1,"minecraft:stone_pickaxe":2,"minecraft:wooden_axe":1,"minecraft:stone_sword":1,"minecraft:torch":4},"minecraft:dropped":{"minecraft:wheat_seeds":1,"minecraft:stone_sword":1,"minecraft:stone_pickaxe":1,"minecraft:wooden_pickaxe":1,"minecraft:spruce_sapling":8}},"DataVersion":3465}