{"stats":{"minecraft:killed":{"minecraft:salmon":2,"minecraft:creeper":1,"minecraft:sheep":1,"minecraft:zombie":2},"minecraft:custom":{"minecraft:interact_with_furnace":22,"minecraft:mob_kills":6,"minecraft:interact_with_crafting_table":21,"minecraft:bell_ring":1,"minecraft:time_since_death":80937,"minecraft:sleep_in_bed":2,"minecraft:time_since_rest":67705,"minecraft:sprint_one_cm":153417,"minecraft:damage_taken":719,"minecraft:walk_one_cm":210333,"minecraft:damage_blocked_by_shield":210,"minecraft:drop":11,"minecraft:damage_dealt":802,"minecraft:swim_one_cm":17223,"minecraft:fly_one_cm":138675,"minecraft:open_chest":14,"minecraft:crouch_one_cm":36187,"minecraft:play_time":86658,"minecraft:deaths":2,"minecraft:sneak_time":6746,"minecraft:walk_under_water_one_cm":6867,"minecraft:jump":1114,"minecraft:walk_on_water_one_cm":8721,"minecraft:total_world_time":86658,"minecraft:fall_one_cm":30325},"minecraft:mined":{"minecraft:deepslate_redstone_ore":5,"minecraft:deepslate_diamond_ore":3,"minecraft:sculk_vein":6,"minecraft:crafting_table":6,"minecraft:grass_block":340,"minecraft:calcite":5,"minecraft:sculk_sensor":7,"minecraft:tall_grass":2,"minecraft:spruce_leaves":13,"minecraft:sculk":199,"minecraft:large_fern":1,"minecraft:purple_bed":2,"minecraft:sculk_catalyst":1,"minecraft:furnace":2,"minecraft:birch_log":27,"minecraft:iron_ore":50,"minecraft:sweet_berry_bush":33,"spelunkers_charm:deepslate_rock_pile_3":2,"minecraft:spruce_log":15,"minecraft:birch_leaves":17,"minecraft:andesite":13,"minecraft:deepslate_lapis_ore":6,"minecraft:grass":9,"minecraft:sculk_shrieker":1,"minecraft:coal_ore":23,"minecraft:oak_log":66,"minecraft:dripstone_block":6,"minecraft:gravel":5,"minecraft:dirt":321,"minecraft:stone":466,"minecraft:oak_leaves":30,"minecraft:deepslate":2,"minecraft:fern":5},"minecraft:picked_up":{"minecraft:birch_log":27,"minecraft:crafting_table":6,"magistuarmory:rustedhalfarmor_chestplate":1,"minecraft:water_bucket":1,"minecraft:salmon":2,"minecraft:andesite":13,"spelunkers_charm:deepslate_rock":6,"minecraft:oak_log":64,"minecraft:gunpowder":1,"minecraft:lapis_lazuli":44,"minecraft:dirt":652,"minecraft:wheat_seeds":1,"minecraft:cobbled_deepslate":2,"minecraft:iron_ingot":1,"minecraft:calcite":5,"minecraft:birch_sapling":5,"minecraft:iron_sword":1,"minecraft:furnace":2,"minecraft:stick":11,"minecraft:raw_iron":56,"minecraft:sweet_berries":86,"minecraft:gravel":5,"minecraft:spruce_sapling":8,"minecraft:spruce_log":15,"minecraft:redstone":22,"minecraft:purple_bed":2,"minecraft:rotten_flesh":2,"minecraft:diamond":5,"minecraft:oak_sapling":7,"minecraft:mutton":1,"minecraft:coal":29,"minecraft:white_wool":1,"minecraft:cobblestone":444,"minecraft:diamond_pickaxe":1},"minecraft:used":{"minecraft:stone_sword":2,"minecraft:iron_shovel":660,"minecraft:stone_pickaxe":18,"minecraft:chest":2,"minecraft:shield":1,"minecraft:wooden_pickaxe":18,"minecraft:iron_sword":13,"minecraft:iron_chestplate":1,"minecraft:torch":1,"minecraft:dirt":435,"minecraft:mutton":1,"minecraft:crafting_table":8,"minecraft:iron_hoe":214,"minecraft:wooden_axe":1,"minecraft:diamond_pickaxe":296,"minecraft:apple":2,"minecraft:bread":2,"minecraft:iron_pickaxe":252,"minecraft:stone_axe":123,"minecraft:cobblestone":43,"minecraft:sweet_berries":24,"minecraft:purple_bed":1,"minecraft:furnace":3},"minecraft:broken":{"minecraft:iron_shovel":2,"minecraft:iron_pickaxe":1},"minecraft:crafted":{"minecraft:oak_planks":72,"minecraft:crafting_table":3,"minecraft:wooden_pickaxe":2,"minecraft:iron_helmet":1,"minecraft:furnace":1,"minecraft:stone_axe":2,"minecraft:air":0,"minecraft:iron_boots":1,"minecraft:iron_chestplate":1,"minecraft:diamond_pickaxe":1,"minecraft:shield":1,"minecraft:iron_hoe":1,"minecraft:stick":24,"minecraft:iron_ingot":43,"minecraft:iron_shovel":3,"minecraft:iron_pickaxe":1,"minecraft:stone_pickaxe":2,"minecraft:wooden_axe":1,"minecraft:chest":2,"minecraft:stone_sword":1,"minecraft:iron_leggings":1,"minecraft:torch":4},"minecraft:dropped":{"minecraft:iron_ingot":10,"minecraft:iron_sword":1,"minecraft:wheat_seeds":1,"minecraft:stone_sword":1,"minecraft:diamond":2,"minecraft:diamond_pickaxe":1,"minecraft:leather_leggings":1,"minecraft:stone_pickaxe":1,"minecraft:wooden_pickaxe":1,"minecraft:spruce_sapling":8}},"DataVersion":3465}