{"stats":{"minecraft:killed":{"minecraft:salmon":2,"minecraft:creeper":1,"minecraft:sheep":1,"minecraft:zombie":2},"minecraft:custom":{"minecraft:mob_kills":6,"minecraft:interact_with_crafting_table":29,"minecraft:bell_ring":1,"minecraft:time_since_death":140937,"minecraft:sprint_one_cm":236993,"minecraft:walk_one_cm":427429,"minecraft:damage_blocked_by_shield":210,"minecraft:drop":51,"minecraft:play_time":146658,"minecraft:deaths":2,"minecraft:sneak_time":8268,"minecraft:walk_under_water_one_cm":6867,"minecraft:jump":1786,"minecraft:walk_on_water_one_cm":8721,"minecraft:total_world_time":146658,"minecraft:interact_with_furnace":30,"minecraft:sleep_in_bed":4,"minecraft:time_since_rest":3,"minecraft:damage_taken":837,"minecraft:damage_dealt":802,"minecraft:swim_one_cm":17223,"minecraft:fly_one_cm":218292,"minecraft:open_chest":29,"minecraft:crouch_one_cm":41952,"minecraft:fall_one_cm":44414},"minecraft:mined":{"minecraft:deepslate_diamond_ore":3,"minecraft:sculk_vein":6,"minecraft:cobblestone_stairs":4,"minecraft:grass_block":654,"minecraft:spruce_leaves":50,"minecraft:large_fern":7,"minecraft:sculk_catalyst":1,"minecraft:furnace":2,"minecraft:iron_ore":56,"minecraft:andesite":13,"minecraft:deepslate_lapis_ore":6,"minecraft:sculk_shrieker":1,"minecraft:stone":1342,"minecraft:deepslate_redstone_ore":5,"minecraft:crafting_table":7,"minecraft:calcite":5,"minecraft:chest":2,"minecraft:sculk_sensor":7,"minecraft:tall_grass":2,"minecraft:cobblestone":18,"minecraft:sculk":199,"minecraft:purple_bed":2,"minecraft:birch_log":27,"spelunkers_charm:deepslate_rock_pile_3":2,"minecraft:sweet_berry_bush":35,"minecraft:spruce_log":65,"minecraft:birch_leaves":17,"minecraft:grass":9,"minecraft:oak_log":66,"minecraft:coal_ore":46,"minecraft:gravel":47,"minecraft:dripstone_block":6,"minecraft:dirt":709,"minecraft:oak_leaves":30,"minecraft:deepslate":2,"minecraft:fern":5},"minecraft:picked_up":{"minecraft:crafting_table":7,"minecraft:wooden_pickaxe":2,"spelunkers_charm:deepslate_rock":18,"minecraft:cobbled_deepslate":10,"minecraft:spruce_planks":4,"minecraft:calcite":15,"minecraft:sugar_cane":6,"minecraft:chest":2,"minecraft:birch_sapling":8,"minecraft:furnace":2,"minecraft:stick":22,"minecraft:raw_iron":62,"minecraft:redstone":66,"minecraft:arrow":3,"minecraft:rotten_flesh":6,"minecraft:mutton":1,"minecraft:white_wool":4,"minecraft:cobblestone":1515,"minecraft:birch_log":27,"magistuarmory:rustedhalfarmor_chestplate":2,"minecraft:andesite":39,"minecraft:water_bucket":1,"minecraft:salmon":4,"minecraft:flint":8,"minecraft:oak_log":64,"minecraft:gunpowder":1,"minecraft:cobblestone_stairs":26,"minecraft:lapis_lazuli":88,"minecraft:dirt":3040,"minecraft:wheat_seeds":2,"minecraft:iron_ingot":1,"minecraft:iron_sword":1,"minecraft:oak_planks":45,"minecraft:sweet_berries":171,"minecraft:gravel":103,"minecraft:spruce_sapling":37,"minecraft:spruce_log":66,"minecraft:iron_hoe":1,"minecraft:diamond_shovel":1,"minecraft:purple_bed":2,"minecraft:diamond":5,"minecraft:granite":16,"minecraft:oak_sapling":14,"minecraft:coal":77,"minecraft:diamond_pickaxe":1},"minecraft:used":{"minecraft:stone_sword":2,"minecraft:iron_shovel":1003,"minecraft:shield":1,"minecraft:chest":4,"minecraft:iron_sword":13,"minecraft:iron_chestplate":1,"minecraft:torch":1,"minecraft:dirt":458,"minecraft:mutton":1,"minecraft:golden_shovel":64,"minecraft:iron_hoe":214,"minecraft:wooden_axe":1,"minecraft:iron_axe":52,"minecraft:sweet_berries":61,"minecraft:furnace":3,"minecraft:cobblestone_stairs":14,"minecraft:stone_pickaxe":18,"minecraft:wooden_pickaxe":18,"minecraft:crafting_table":9,"minecraft:diamond_pickaxe":1201,"minecraft:apple":6,"minecraft:diamond_shovel":336,"minecraft:bread":2,"minecraft:iron_pickaxe":274,"minecraft:stone_axe":132,"minecraft:cobblestone":201,"minecraft:purple_bed":2},"minecraft:broken":{"minecraft:iron_shovel":4,"minecraft:golden_shovel":2,"minecraft:stone_axe":1,"minecraft:iron_pickaxe":1},"minecraft:crafted":{"minecraft:oak_planks":72,"minecraft:furnace":1,"minecraft:cobblestone_stairs":32,"minecraft:diamond_shovel":1,"minecraft:iron_boots":1,"minecraft:iron_axe":2,"minecraft:iron_hoe":1,"minecraft:stone_pickaxe":2,"minecraft:chest":2,"minecraft:crafting_table":3,"minecraft:spruce_planks":4,"minecraft:wooden_pickaxe":2,"minecraft:iron_helmet":1,"minecraft:golden_shovel":3,"minecraft:stone_axe":2,"minecraft:air":0,"minecraft:iron_chestplate":1,"minecraft:diamond_pickaxe":1,"minecraft:shield":1,"minecraft:stick":24,"minecraft:iron_ingot":55,"minecraft:iron_pickaxe":2,"minecraft:wooden_axe":1,"minecraft:iron_leggings":1,"minecraft:stone_sword":1,"minecraft:iron_shovel":4,"minecraft:torch":4},"minecraft:dropped":{"minecraft:iron_ingot":19,"minecraft:iron_sword":2,"minecraft:wheat_seeds":1,"minecraft:diamond":2,"minecraft:iron_helmet":1,"minecraft:cobblestone":128,"minecraft:coal":24,"spelunkers_charm:deepslate_rock":6,"minecraft:cobblestone_stairs":22,"minecraft:dirt":576,"minecraft:iron_leggings":1,"minecraft:iron_axe":1,"minecraft:white_wool":2,"minecraft:spruce_sapling":24,"minecraft:redstone":22,"minecraft:sweet_berries":32,"minecraft:stone_sword":1,"minecraft:cobbled_deepslate":6,"minecraft:rotten_flesh":2,"minecraft:oak_planks":30,"minecraft:iron_boots":1,"minecraft:diamond_shovel":1,"minecraft:golden_shovel":1,"minecraft:spruce_planks":4,"minecraft:diamond_pickaxe":2,"minecraft:iron_chestplate":1,"minecraft:andesite":13,"minecraft:leather_leggings":1,"minecraft:wooden_pickaxe":2,"minecraft:stone_pickaxe":1,"minecraft:calcite":5}},"DataVersion":3465}