{"stats":{"minecraft:dropped":{"minecraft:iron_ingot":19,"minecraft:iron_sword":2,"minecraft:wheat_seeds":1,"minecraft:diamond":2,"minecraft:iron_helmet":1,"minecraft:cobblestone":128,"minecraft:coal":24,"spelunkers_charm:deepslate_rock":6,"minecraft:cobblestone_stairs":22,"minecraft:dirt":576,"minecraft:iron_leggings":1,"minecraft:iron_axe":1,"minecraft:white_wool":2,"minecraft:spruce_sapling":24,"minecraft:redstone":22,"minecraft:sweet_berries":32,"minecraft:stone_sword":1,"minecraft:cobbled_deepslate":6,"minecraft:rotten_flesh":5,"minecraft:oak_planks":30,"minecraft:iron_boots":1,"minecraft:diamond_shovel":1,"minecraft:golden_shovel":1,"minecraft:spruce_planks":4,"minecraft:diamond_pickaxe":2,"minecraft:iron_chestplate":1,"minecraft:andesite":13,"minecraft:leather_leggings":1,"minecraft:wooden_pickaxe":2,"minecraft:stone_pickaxe":1,"minecraft:calcite":5},"minecraft:custom":{"minecraft:mob_kills":40,"minecraft:interact_with_crafting_table":40,"minecraft:bell_ring":1,"minecraft:leave_game":4,"minecraft:time_since_death":4894,"minecraft:sprint_one_cm":595647,"minecraft:walk_one_cm":792842,"minecraft:damage_blocked_by_shield":1582,"minecraft:drop":52,"minecraft:play_time":253143,"minecraft:deaths":6,"minecraft:sneak_time":11709,"minecraft:walk_under_water_one_cm":16286,"minecraft:jump":4155,"minecraft:walk_on_water_one_cm":25058,"minecraft:total_world_time":253143,"minecraft:interact_with_furnace":33,"minecraft:sleep_in_bed":4,"minecraft:time_since_rest":4928,"minecraft:damage_taken":3101,"minecraft:damage_dealt":4562,"minecraft:swim_one_cm":61488,"minecraft:fly_one_cm":650555,"minecraft:crouch_one_cm":54405,"minecraft:open_chest":43,"minecraft:fall_one_cm":126183},"minecraft:picked_up":{"minecraft:mud":9,"minecraft:crafting_table":9,"minecraft:wheat":12,"minecraft:chicken":2,"minecraft:wooden_pickaxe":2,"spelunkers_charm:deepslate_rock":18,"minecraft:string":97,"minecraft:cobbled_deepslate":10,"minecraft:spruce_planks":4,"minecraft:calcite":15,"minecraft:sugar_cane":6,"minecraft:chest":2,"minecraft:birch_sapling":9,"minecraft:furnace":2,"minecraft:stick":22,"minecraft:raw_iron":62,"minecraft:redstone":66,"minecraft:arrow":5,"minecraft:rotten_flesh":12,"minecraft:hay_block":3,"minecraft:mutton":7,"minecraft:white_wool":9,"minecraft:cobblestone":1800,"minecraft:birch_log":27,"magistuarmory:rustedhalfarmor_chestplate":2,"minecraft:andesite":39,"minecraft:water_bucket":1,"minecraft:salmon":4,"minecraft:flint":8,"minecraft:oak_log":64,"minecraft:gunpowder":1,"minecraft:cobblestone_stairs":48,"minecraft:lapis_lazuli":88,"minecraft:dirt":3089,"minecraft:bone":5,"minecraft:bow":1,"minecraft:wheat_seeds":27,"minecraft:iron_ingot":44,"minecraft:iron_sword":1,"minecraft:oak_planks":45,"minecraft:sweet_berries":205,"minecraft:gravel":103,"magistuarmory:rustednorman_helmet":1,"minecraft:spruce_sapling":37,"minecraft:spruce_log":66,"magistuarmory:rustedgreathelm":1,"minecraft:spruce_door":26,"minecraft:spider_eye":4,"minecraft:iron_hoe":1,"minecraft:oak_wood":3,"minecraft:diamond_shovel":1,"minecraft:purple_bed":2,"minecraft:diamond":8,"magistuarmory:rusted_bastardsword":2,"magistuarmory:rustedcrusader_boots":1,"minecraft:granite":22,"minecraft:oak_sapling":14,"minecraft:netherrack":2,"minecraft:black_wool":1,"minecraft:coal":79,"minecraft:diamond_pickaxe":1},"minecraft:killed":{"minecraft:cave_spider":12,"minecraft:spider":3,"minecraft:skeleton":2,"minecraft:chicken":2,"minecraft:salmon":2,"naturalist:butterfly":1,"minecraft:creeper":1,"minecraft:sheep":5,"minecraft:zombie":9,"minecraft:stray":1},"minecraft:used":{"minecraft:stone_sword":2,"minecraft:iron_shovel":1003,"minecraft:chest":4,"minecraft:shield":37,"minecraft:iron_sword":178,"minecraft:netherrack":2,"minecraft:iron_chestplate":1,"minecraft:torch":1,"minecraft:dirt":458,"minecraft:mutton":7,"minecraft:golden_shovel":64,"minecraft:iron_hoe":214,"minecraft:wooden_axe":1,"minecraft:iron_axe":89,"minecraft:birch_sapling":1,"minecraft:sweet_berries":193,"minecraft:furnace":3,"minecraft:cobblestone_stairs":64,"minecraft:spruce_door":32,"minecraft:stone_pickaxe":56,"minecraft:wooden_pickaxe":18,"minecraft:stonecutter":1,"minecraft:crafting_table":12,"minecraft:white_bed":1,"minecraft:diamond_pickaxe":1201,"minecraft:apple":6,"minecraft:diamond_shovel":383,"minecraft:iron_pickaxe":573,"minecraft:bread":12,"minecraft:stone_axe":132,"minecraft:purple_bed":2,"minecraft:cobblestone":714},"minecraft:killed_by":{"minecraft:creeper":1,"minecraft:ravager":1,"minecraft:cave_spider":1},"minecraft:mined":{"minecraft:dark_oak_leaves":5,"minecraft:deepslate_diamond_ore":3,"minecraft:sculk_vein":6,"minecraft:cobblestone_stairs":26,"minecraft:granite":7,"minecraft:grass_block":687,"minecraft:spruce_leaves":50,"minecraft:spawner":2,"minecraft:large_fern":10,"minecraft:hay_block":4,"minecraft:sculk_catalyst":1,"minecraft:furnace":2,"minecraft:iron_ore":56,"minecraft:andesite":13,"minecraft:deepslate_lapis_ore":6,"minecraft:sculk_shrieker":1,"minecraft:stone":1350,"minecraft:white_wool":2,"minecraft:deepslate_redstone_ore":5,"minecraft:crimson_nylium":2,"minecraft:spruce_door":24,"minecraft:crafting_table":9,"minecraft:oak_wood":3,"minecraft:calcite":5,"minecraft:chest":2,"minecraft:sculk_sensor":7,"minecraft:tall_grass":4,"minecraft:cobblestone":311,"minecraft:sculk":199,"minecraft:purple_bed":2,"minecraft:birch_log":27,"spelunkers_charm:deepslate_rock_pile_3":2,"minecraft:wheat":11,"minecraft:sweet_berry_bush":50,"minecraft:spruce_log":65,"minecraft:birch_leaves":17,"minecraft:grass":19,"minecraft:oak_log":66,"minecraft:coal_ore":48,"minecraft:gravel":47,"minecraft:dripstone_block":6,"minecraft:dirt":726,"minecraft:cobweb":88,"minecraft:oak_leaves":30,"minecraft:deepslate":2,"minecraft:fern":5},"minecraft:crafted":{"minecraft:oak_planks":84,"minecraft:furnace":1,"minecraft:cobblestone_stairs":64,"minecraft:stone":23,"minecraft:diamond_shovel":1,"minecraft:iron_boots":2,"minecraft:iron_axe":2,"minecraft:iron_hoe":1,"minecraft:stone_pickaxe":3,"minecraft:chest":2,"minecraft:wheat":27,"minecraft:crafting_table":5,"minecraft:spruce_planks":132,"minecraft:wooden_pickaxe":2,"minecraft:iron_helmet":2,"minecraft:iron_sword":1,"minecraft:spruce_door":6,"minecraft:golden_shovel":3,"minecraft:stone_axe":2,"minecraft:bread":13,"minecraft:air":0,"minecraft:white_wool":2,"minecraft:iron_chestplate":2,"minecraft:diamond_pickaxe":1,"minecraft:shield":1,"minecraft:stick":32,"minecraft:iron_ingot":55,"minecraft:iron_pickaxe":3,"minecraft:wooden_axe":1,"minecraft:stone_sword":1,"minecraft:stonecutter":1,"minecraft:iron_shovel":4,"minecraft:iron_leggings":2,"minecraft:white_bed":1,"minecraft:torch":4,"magistuarmory:rusted_bastardsword":1},"minecraft:broken":{"minecraft:iron_shovel":4,"minecraft:golden_shovel":2,"minecraft:stone_axe":1,"minecraft:iron_sword":1,"minecraft:iron_pickaxe":2}},"DataVersion":3465}