{"stats":{"minecraft:killed_by":{"minecraft:zombie":1},"minecraft:killed":{"minecraft:spider":6,"naturalist:robin":1,"minecraft:skeleton":9,"minecraft:horse":1,"minecraft:chicken":1,"minecraft:pig":14,"naturalist:firefly":1,"minecraft:rabbit":1,"minecraft:creeper":2,"minecraft:sheep":7,"minecraft:zombie":7,"minecraft:cow":2},"minecraft:custom":{"minecraft:mob_kills":53,"minecraft:interact_with_crafting_table":48,"minecraft:bell_ring":1,"minecraft:time_since_death":87745,"minecraft:climb_one_cm":1535,"minecraft:sprint_one_cm":347795,"minecraft:walk_one_cm":290213,"minecraft:damage_blocked_by_shield":225,"minecraft:drop":45,"minecraft:play_time":131895,"minecraft:deaths":1,"minecraft:sneak_time":872,"minecraft:walk_under_water_one_cm":8391,"minecraft:jump":2500,"minecraft:interact_with_blast_furnace":26,"minecraft:walk_on_water_one_cm":7730,"minecraft:total_world_time":131895,"minecraft:interact_with_furnace":41,"minecraft:sleep_in_bed":2,"minecraft:time_since_rest":8352,"minecraft:damage_taken":1218,"minecraft:damage_dealt":7286,"minecraft:fly_one_cm":486852,"minecraft:swim_one_cm":16999,"minecraft:open_chest":5,"minecraft:crouch_one_cm":1467,"minecraft:fall_one_cm":67967},"minecraft:picked_up":{"minecraft:crafting_table":11,"minecraft:chicken":1,"minecraft:brown_mushroom":1,"minecraft:wooden_pickaxe":1,"minecraft:shield":1,"minecraft:cornflower":3,"minecraft:string":5,"minecraft:white_carpet":1,"minecraft:beetroot":1,"minecraft:cobbled_deepslate":65,"minecraft:spruce_planks":29,"minecraft:beef":1,"minecraft:iron_pickaxe":1,"minecraft:furnace":4,"minecraft:stick":2,"minecraft:raw_iron":34,"minecraft:torch":20,"minecraft:porkchop":28,"minecraft:redstone":10,"magistuarmory:rustedcrusader_chestplate":1,"minecraft:arrow":7,"minecraft:beetroot_seeds":3,"minecraft:hay_block":11,"minecraft:mutton":11,"minecraft:cobblestone":161,"minecraft:white_wool":12,"minecraft:oxeye_daisy":2,"minecraft:birch_log":8,"minecraft:feather":3,"minecraft:lilac":1,"minecraft:leather":12,"minecraft:potato":10,"create:raw_zinc":7,"minecraft:oak_log":21,"minecraft:lapis_lazuli":50,"minecraft:dirt":7,"minecraft:bone":6,"minecraft:apple":1,"minecraft:kelp":6,"minecraft:bow":1,"minecraft:wheat_seeds":20,"minecraft:rabbit_hide":1,"minecraft:iron_ingot":10,"minecraft:rabbit":1,"minecraft:oak_planks":1,"minecraft:sweet_berries":107,"minecraft:dandelion":1,"minecraft:stripped_spruce_log":5,"minecraft:gravel":4,"minecraft:blast_furnace":3,"minecraft:spruce_log":7,"minecraft:spider_eye":5,"minecraft:diamond":2,"minecraft:light_gray_carpet":1,"spelunkers_charm:rock":1,"minecraft:oak_sapling":4,"minecraft:black_wool":1,"minecraft:coal":45,"minecraft:diamond_pickaxe":1},"minecraft:mined":{"realmrpg_skeletons:swimmer_skeleton":1,"create:zinc_ore":7,"minecraft:glow_lichen":1,"minecraft:grass_block":3,"minecraft:large_fern":15,"minecraft:hay_block":11,"minecraft:furnace":4,"minecraft:iron_ore":33,"minecraft:stripped_spruce_log":5,"minecraft:stone":151,"spelunkers_charm:rock_pile_1":1,"farmersdelight:wild_potatoes":10,"minecraft:deepslate_redstone_ore":2,"minecraft:light_gray_carpet":1,"minecraft:brown_mushroom":1,"minecraft:dandelion":1,"minecraft:crafting_table":11,"minecraft:blast_furnace":3,"minecraft:tall_grass":14,"minecraft:cobblestone":7,"minecraft:lapis_ore":8,"minecraft:wall_torch":5,"minecraft:birch_log":8,"minecraft:wheat":2,"minecraft:sweet_berry_bush":62,"minecraft:lilac":1,"minecraft:white_carpet":1,"minecraft:spruce_log":7,"minecraft:grass":40,"minecraft:oak_log":21,"minecraft:coal_ore":43,"minecraft:beetroots":1,"minecraft:gravel":3,"minecraft:dirt":4,"minecraft:oak_leaves":2,"minecraft:deepslate":65,"minecraft:fern":12},"minecraft:used":{"minecraft:beetroot":1,"minecraft:light_gray_carpet":1,"slavicarmory:steel_bardiche":87,"minecraft:shield":5,"minecraft:torch":60,"minecraft:dirt":5,"minecraft:mutton":5,"minecraft:wooden_axe":25,"minecraft:beef":1,"minecraft:hay_block":1,"minecraft:oak_sapling":1,"minecraft:furnace":4,"minecraft:wheat_seeds":2,"minecraft:stone_pickaxe":96,"minecraft:oak_planks":1,"minecraft:wooden_pickaxe":10,"minecraft:crafting_table":12,"minecraft:blast_furnace":3,"minecraft:chicken":1,"minecraft:bread":14,"minecraft:iron_pickaxe":229,"minecraft:gravel":1,"minecraft:lilac":1,"minecraft:stone_axe":30,"minecraft:wooden_sword":63,"minecraft:cobblestone":21,"minecraft:cooked_porkchop":6,"minecraft:porkchop":12},"minecraft:crafted":{"minecraft:wooden_sword":1,"minecraft:smooth_stone":3,"minecraft:oak_planks":68,"magistuarmory:gothic_leggings":1,"magistuarmory:face_helmet":1,"magistuarmory:wood_heatershield":1,"usefulbackpacks:backpack_small":2,"minecraft:furnace":3,"minecraft:blast_furnace":1,"minecraft:stone":3,"magistuarmory:kastenbrust_boots":1,"magistuarmory:hilt":2,"magistuarmory:steel_ingot":39,"minecraft:stone_pickaxe":1,"magistuarmory:small_steel_plate":8,"magistuarmory:pole":1,"slavicarmory:steel_bardiche":1,"magistuarmory:steel_ring":32,"magistuarmory:steel_plate":14,"minecraft:wheat":90,"magistuarmory:steel_nugget":36,"magistuarmory:shishak":1,"minecraft:cooked_porkchop":16,"minecraft:crafting_table":2,"minecraft:spruce_planks":24,"minecraft:wooden_pickaxe":1,"immersive_melodies:lute":1,"minecraft:stone_axe":1,"minecraft:bread":30,"minecraft:air":0,"magistuarmory:halfarmor_chestplate":1,"minecraft:charcoal":4,"minecraft:stick":44,"minecraft:iron_ingot":34,"minecraft:wooden_axe":1,"magistuarmory:steel_chainmail":3,"minecraft:torch":136,"create:zinc_ingot":1,"magistuarmory:leather_strip":6},"minecraft:dropped":{"minecraft:bread":12,"magistuarmory:wood_heatershield":1,"minecraft:brown_mushroom":1,"minecraft:wheat_seeds":12,"minecraft:diamond":2,"minecraft:cooked_porkchop":9,"magistuarmory:rustedcrusader_chestplate":1,"minecraft:feather":3,"minecraft:cobblestone":5,"minecraft:coal":8,"minecraft:oxeye_daisy":1,"minecraft:cornflower":3,"usefulbackpacks:backpack_small":1,"minecraft:wooden_sword":1,"minecraft:iron_pickaxe":1,"minecraft:string":2,"create:raw_zinc":6,"minecraft:dandelion":1,"minecraft:bone":2,"minecraft:gravel":3,"minecraft:sweet_berries":26,"minecraft:kelp":6,"minecraft:cobbled_deepslate":1,"minecraft:rabbit_hide":1,"minecraft:potato":5,"minecraft:spruce_planks":1,"create:zinc_ingot":1,"minecraft:diamond_pickaxe":1,"minecraft:beetroot_seeds":3,"minecraft:oak_sapling":3,"minecraft:spider_eye":4,"minecraft:spruce_log":1,"minecraft:wooden_pickaxe":2}},"DataVersion":3465}