{"stats":{"minecraft:custom":{"minecraft:jump":42,"minecraft:time_since_rest":5895,"minecraft:sprint_one_cm":10406,"minecraft:play_time":5895,"minecraft:damage_taken":80,"minecraft:time_since_death":5895,"minecraft:walk_one_cm":8202,"minecraft:total_world_time":5895,"minecraft:interact_with_crafting_table":1,"minecraft:fall_one_cm":1708,"minecraft:fly_one_cm":10106},"minecraft:picked_up":{"minecraft:oak_log":5,"minecraft:lilac":1},"minecraft:mined":{"minecraft:tall_grass":2,"minecraft:grass":1,"minecraft:oak_log":5,"minecraft:lilac":1},"minecraft:used":{"minecraft:crafting_table":1,"minecraft:lilac":1},"minecraft:crafted":{"minecraft:crafting_table":1,"minecraft:oak_planks":20,"minecraft:stick":4,"minecraft:wooden_sword":1}},"DataVersion":3465}