{"stats":{"minecraft:killed":{"minecraft:sheep":1,"minecraft:horse":1,"minecraft:pig":10,"minecraft:spider":1},"minecraft:custom":{"minecraft:time_since_rest":29895,"minecraft:interact_with_furnace":4,"minecraft:sprint_one_cm":46032,"minecraft:damage_taken":170,"minecraft:walk_one_cm":85983,"minecraft:mob_kills":13,"minecraft:drop":1,"minecraft:damage_dealt":1430,"minecraft:interact_with_crafting_table":6,"minecraft:fly_one_cm":62082,"minecraft:play_time":29895,"minecraft:sneak_time":1,"minecraft:jump":370,"minecraft:time_since_death":29895,"minecraft:total_world_time":29895,"minecraft:fall_one_cm":8701},"minecraft:mined":{"minecraft:lilac":1,"minecraft:crafting_table":2,"minecraft:grass":20,"minecraft:grass_block":1,"minecraft:oak_log":11,"minecraft:tall_grass":12,"minecraft:stone":17},"minecraft:picked_up":{"minecraft:crafting_table":2,"minecraft:lilac":1,"minecraft:wooden_pickaxe":1,"minecraft:porkchop":22,"minecraft:oak_log":11,"minecraft:dirt":2,"minecraft:spider_eye":1,"minecraft:string":2,"minecraft:wheat_seeds":4,"minecraft:mutton":1,"minecraft:white_wool":1,"minecraft:cobblestone":24,"minecraft:oxeye_daisy":1},"minecraft:used":{"minecraft:wooden_axe":10,"minecraft:stone_pickaxe":8,"minecraft:wooden_pickaxe":10,"minecraft:lilac":1,"minecraft:wooden_sword":34,"minecraft:crafting_table":2,"minecraft:cooked_porkchop":1,"minecraft:furnace":1,"minecraft:porkchop":8},"minecraft:crafted":{"minecraft:wooden_sword":1,"minecraft:oak_planks":44,"minecraft:cooked_porkchop":6,"minecraft:crafting_table":1,"minecraft:stick":8,"minecraft:wooden_pickaxe":1,"minecraft:stone_pickaxe":1,"minecraft:wooden_axe":1,"minecraft:furnace":1,"immersive_melodies:lute":1,"minecraft:air":0},"minecraft:dropped":{"minecraft:wooden_pickaxe":1}},"DataVersion":3465}