{"stats":{"minecraft:killed":{"minecraft:spider":1,"minecraft:horse":1,"minecraft:pig":8,"minecraft:sheep":1},"minecraft:custom":{"minecraft:time_since_rest":17895,"minecraft:damage_taken":160,"minecraft:play_time":17895,"minecraft:sprint_one_cm":39542,"minecraft:walk_one_cm":33269,"minecraft:mob_kills":11,"minecraft:jump":273,"minecraft:damage_dealt":1230,"minecraft:time_since_death":17895,"minecraft:total_world_time":17895,"minecraft:interact_with_crafting_table":3,"minecraft:fall_one_cm":8283,"minecraft:fly_one_cm":56927},"minecraft:picked_up":{"minecraft:crafting_table":2,"minecraft:lilac":1,"minecraft:wheat_seeds":2,"minecraft:porkchop":18,"minecraft:oak_log":5,"minecraft:mutton":1,"minecraft:white_wool":1,"minecraft:spider_eye":1,"minecraft:string":2},"minecraft:mined":{"minecraft:grass":9,"minecraft:oak_log":5,"minecraft:tall_grass":11,"minecraft:lilac":1,"minecraft:crafting_table":2},"minecraft:used":{"minecraft:lilac":1,"minecraft:wooden_axe":3,"minecraft:wooden_sword":32,"minecraft:crafting_table":2,"minecraft:porkchop":7},"minecraft:crafted":{"minecraft:wooden_sword":1,"immersive_melodies:lute":1,"minecraft:oak_planks":20,"minecraft:crafting_table":1,"minecraft:stick":4,"minecraft:wooden_axe":1}},"DataVersion":3465}