{"stats":{"minecraft:killed_by":{"minecraft:zombie":1},"minecraft:killed":{"minecraft:spider":3,"naturalist:robin":1,"minecraft:skeleton":4,"minecraft:horse":1,"minecraft:chicken":1,"minecraft:pig":13,"naturalist:firefly":1,"minecraft:creeper":2,"minecraft:sheep":5,"minecraft:zombie":3,"minecraft:cow":2},"minecraft:custom":{"minecraft:mob_kills":37,"minecraft:interact_with_crafting_table":43,"minecraft:bell_ring":1,"minecraft:time_since_death":57745,"minecraft:sprint_one_cm":261911,"minecraft:walk_one_cm":248198,"minecraft:damage_blocked_by_shield":225,"minecraft:drop":27,"minecraft:play_time":101895,"minecraft:deaths":1,"minecraft:sneak_time":868,"minecraft:walk_under_water_one_cm":7457,"minecraft:jump":1777,"minecraft:interact_with_blast_furnace":25,"minecraft:walk_on_water_one_cm":4450,"minecraft:total_world_time":101895,"minecraft:interact_with_furnace":41,"minecraft:sleep_in_bed":1,"minecraft:time_since_rest":22893,"minecraft:damage_taken":821,"minecraft:damage_dealt":4578,"minecraft:fly_one_cm":336465,"minecraft:swim_one_cm":9354,"minecraft:open_chest":4,"minecraft:crouch_one_cm":1467,"minecraft:fall_one_cm":48530},"minecraft:picked_up":{"minecraft:crafting_table":10,"minecraft:chicken":1,"minecraft:wooden_pickaxe":1,"minecraft:shield":1,"minecraft:string":4,"minecraft:beetroot":1,"minecraft:cobbled_deepslate":65,"minecraft:spruce_planks":16,"minecraft:beef":1,"minecraft:iron_pickaxe":1,"minecraft:furnace":4,"minecraft:stick":2,"minecraft:raw_iron":34,"minecraft:torch":19,"minecraft:porkchop":27,"minecraft:redstone":10,"magistuarmory:rustedcrusader_chestplate":1,"minecraft:arrow":4,"minecraft:beetroot_seeds":3,"minecraft:hay_block":11,"minecraft:mutton":7,"minecraft:cobblestone":139,"minecraft:white_wool":10,"minecraft:oxeye_daisy":1,"minecraft:feather":3,"minecraft:lilac":1,"minecraft:leather":12,"create:raw_zinc":7,"minecraft:oak_log":21,"minecraft:lapis_lazuli":50,"minecraft:dirt":5,"minecraft:bone":3,"minecraft:apple":1,"minecraft:kelp":6,"minecraft:bow":1,"minecraft:wheat_seeds":9,"minecraft:iron_ingot":10,"minecraft:oak_planks":1,"minecraft:sweet_berries":13,"minecraft:dandelion":1,"minecraft:gravel":4,"minecraft:blast_furnace":2,"minecraft:spruce_log":7,"minecraft:spider_eye":4,"minecraft:oak_sapling":4,"minecraft:black_wool":1,"minecraft:coal":18},"minecraft:mined":{"realmrpg_skeletons:swimmer_skeleton":1,"create:zinc_ore":7,"minecraft:glow_lichen":1,"minecraft:grass_block":2,"minecraft:large_fern":4,"minecraft:hay_block":11,"minecraft:furnace":4,"minecraft:iron_ore":33,"minecraft:stone":130,"minecraft:deepslate_redstone_ore":2,"minecraft:dandelion":1,"minecraft:crafting_table":10,"minecraft:blast_furnace":2,"minecraft:tall_grass":14,"minecraft:cobblestone":2,"minecraft:lapis_ore":8,"minecraft:wall_torch":4,"minecraft:wheat":2,"minecraft:sweet_berry_bush":5,"minecraft:lilac":1,"minecraft:spruce_log":7,"minecraft:grass":33,"minecraft:oak_log":21,"minecraft:coal_ore":16,"minecraft:beetroots":1,"minecraft:gravel":3,"minecraft:dirt":2,"minecraft:oak_leaves":2,"minecraft:deepslate":65},"minecraft:used":{"minecraft:beetroot":1,"slavicarmory:steel_bardiche":35,"minecraft:shield":5,"minecraft:torch":47,"minecraft:dirt":5,"minecraft:mutton":5,"minecraft:wooden_axe":25,"minecraft:beef":1,"minecraft:hay_block":1,"minecraft:oak_sapling":1,"minecraft:furnace":4,"minecraft:wheat_seeds":2,"minecraft:stone_pickaxe":36,"minecraft:oak_planks":1,"minecraft:wooden_pickaxe":10,"minecraft:crafting_table":12,"minecraft:blast_furnace":3,"minecraft:chicken":1,"minecraft:bread":6,"minecraft:iron_pickaxe":229,"minecraft:gravel":1,"minecraft:lilac":1,"minecraft:stone_axe":11,"minecraft:wooden_sword":63,"minecraft:cobblestone":4,"minecraft:cooked_porkchop":4,"minecraft:porkchop":11},"minecraft:crafted":{"minecraft:wooden_sword":1,"minecraft:smooth_stone":3,"minecraft:oak_planks":68,"magistuarmory:gothic_leggings":1,"magistuarmory:wood_heatershield":1,"usefulbackpacks:backpack_small":2,"minecraft:furnace":3,"minecraft:blast_furnace":1,"minecraft:stone":3,"magistuarmory:hilt":2,"magistuarmory:steel_ingot":39,"minecraft:stone_pickaxe":1,"magistuarmory:pole":1,"slavicarmory:steel_bardiche":1,"magistuarmory:steel_ring":32,"magistuarmory:steel_plate":10,"minecraft:wheat":90,"magistuarmory:steel_nugget":27,"magistuarmory:shishak":1,"minecraft:cooked_porkchop":16,"minecraft:crafting_table":2,"minecraft:spruce_planks":24,"minecraft:wooden_pickaxe":1,"immersive_melodies:lute":1,"minecraft:stone_axe":1,"minecraft:bread":30,"minecraft:air":0,"magistuarmory:halfarmor_chestplate":1,"minecraft:charcoal":4,"minecraft:stick":20,"minecraft:iron_ingot":34,"minecraft:wooden_axe":1,"magistuarmory:steel_chainmail":3,"minecraft:torch":28,"create:zinc_ingot":1,"magistuarmory:leather_strip":6},"minecraft:dropped":{"magistuarmory:wood_heatershield":1,"minecraft:cooked_porkchop":9,"magistuarmory:rustedcrusader_chestplate":1,"minecraft:feather":3,"minecraft:coal":8,"minecraft:oxeye_daisy":1,"usefulbackpacks:backpack_small":1,"minecraft:wooden_sword":1,"create:raw_zinc":6,"minecraft:dandelion":1,"minecraft:bone":2,"minecraft:gravel":3,"minecraft:cobbled_deepslate":1,"create:zinc_ingot":1,"minecraft:beetroot_seeds":3,"minecraft:spider_eye":2,"minecraft:wooden_pickaxe":2}},"DataVersion":3465}