{"stats":{"minecraft:killed_by":{"minecraft:zombie":1},"minecraft:killed":{"minecraft:pig":11,"minecraft:spider":1,"minecraft:horse":1,"minecraft:sheep":3,"minecraft:skeleton":1,"minecraft:chicken":1},"minecraft:custom":{"minecraft:interact_with_furnace":39,"minecraft:mob_kills":19,"minecraft:interact_with_crafting_table":29,"minecraft:time_since_death":21745,"minecraft:time_since_rest":21771,"minecraft:sprint_one_cm":120108,"minecraft:damage_taken":581,"minecraft:walk_one_cm":158689,"minecraft:damage_blocked_by_shield":225,"minecraft:drop":16,"minecraft:damage_dealt":2290,"minecraft:fly_one_cm":149520,"minecraft:crouch_one_cm":402,"minecraft:play_time":65895,"minecraft:deaths":1,"minecraft:sneak_time":360,"minecraft:jump":859,"minecraft:interact_with_blast_furnace":10,"minecraft:total_world_time":65895,"minecraft:fall_one_cm":24177},"minecraft:picked_up":{"minecraft:crafting_table":6,"minecraft:feather":1,"minecraft:lilac":1,"minecraft:chicken":1,"minecraft:leather":11,"minecraft:wooden_pickaxe":1,"create:raw_zinc":7,"minecraft:oak_log":21,"minecraft:shield":1,"minecraft:lapis_lazuli":50,"minecraft:string":2,"minecraft:dirt":3,"minecraft:apple":1,"minecraft:bow":1,"minecraft:wheat_seeds":6,"minecraft:iron_ingot":10,"minecraft:iron_pickaxe":1,"minecraft:oak_planks":1,"minecraft:furnace":3,"minecraft:raw_iron":25,"minecraft:stick":2,"minecraft:torch":1,"minecraft:dandelion":1,"minecraft:gravel":4,"minecraft:porkchop":24,"minecraft:blast_furnace":1,"minecraft:redstone":10,"magistuarmory:rustedcrusader_chestplate":1,"minecraft:spider_eye":1,"minecraft:oak_sapling":4,"minecraft:black_wool":1,"minecraft:mutton":4,"minecraft:coal":18,"minecraft:white_wool":6,"minecraft:cobblestone":69,"minecraft:oxeye_daisy":1},"minecraft:mined":{"create:zinc_ore":7,"minecraft:deepslate_redstone_ore":2,"minecraft:dandelion":1,"minecraft:crafting_table":6,"minecraft:glow_lichen":1,"minecraft:blast_furnace":1,"minecraft:grass_block":1,"minecraft:tall_grass":14,"minecraft:cobblestone":2,"minecraft:lapis_ore":8,"minecraft:furnace":3,"minecraft:iron_ore":24,"minecraft:lilac":1,"minecraft:grass":30,"minecraft:coal_ore":16,"minecraft:oak_log":21,"minecraft:gravel":3,"minecraft:dirt":1,"minecraft:stone":52,"minecraft:oak_leaves":2},"minecraft:used":{"minecraft:stone_pickaxe":18,"minecraft:wooden_pickaxe":10,"minecraft:shield":5,"minecraft:torch":20,"minecraft:crafting_table":6,"minecraft:blast_furnace":1,"minecraft:wooden_axe":25,"minecraft:chicken":1,"minecraft:iron_pickaxe":89,"minecraft:gravel":1,"minecraft:lilac":1,"minecraft:stone_axe":1,"minecraft:wooden_sword":63,"minecraft:cobblestone":4,"minecraft:porkchop":8,"minecraft:furnace":3,"minecraft:oak_sapling":1,"minecraft:cooked_porkchop":4},"minecraft:crafted":{"magistuarmory:steel_nugget":27,"minecraft:wooden_sword":1,"minecraft:smooth_stone":3,"minecraft:oak_planks":68,"magistuarmory:gothic_leggings":1,"magistuarmory:shishak":1,"minecraft:cooked_porkchop":16,"minecraft:crafting_table":1,"minecraft:wooden_pickaxe":1,"magistuarmory:wood_heatershield":1,"usefulbackpacks:backpack_small":1,"minecraft:furnace":3,"minecraft:blast_furnace":1,"immersive_melodies:lute":1,"minecraft:stone":3,"minecraft:stone_axe":1,"minecraft:air":0,"magistuarmory:halfarmor_chestplate":1,"magistuarmory:hilt":2,"minecraft:charcoal":4,"magistuarmory:steel_ingot":28,"minecraft:stick":20,"minecraft:iron_ingot":23,"minecraft:stone_pickaxe":1,"minecraft:wooden_axe":1,"magistuarmory:steel_chainmail":3,"magistuarmory:pole":1,"slavicarmory:steel_bardiche":1,"magistuarmory:steel_ring":32,"minecraft:torch":28,"create:zinc_ingot":1,"magistuarmory:steel_plate":10,"magistuarmory:leather_strip":6},"minecraft:dropped":{"minecraft:cooked_porkchop":6,"minecraft:feather":1,"minecraft:coal":8,"minecraft:oxeye_daisy":1,"create:zinc_ingot":1,"usefulbackpacks:backpack_small":1,"minecraft:wooden_sword":1,"minecraft:wooden_pickaxe":2,"minecraft:dandelion":1,"create:raw_zinc":6}},"DataVersion":3465}