{"stats":{"minecraft:killed_by":{"minecraft:zombie":1},"minecraft:killed":{"minecraft:pig":11,"minecraft:spider":1,"minecraft:horse":1,"minecraft:sheep":3,"minecraft:skeleton":1,"minecraft:chicken":1},"minecraft:custom":{"minecraft:interact_with_furnace":22,"minecraft:mob_kills":19,"minecraft:interact_with_crafting_table":15,"minecraft:time_since_death":9745,"minecraft:time_since_rest":9771,"minecraft:sprint_one_cm":108177,"minecraft:damage_taken":581,"minecraft:walk_one_cm":140000,"minecraft:damage_blocked_by_shield":225,"minecraft:drop":9,"minecraft:damage_dealt":2290,"minecraft:fly_one_cm":145504,"minecraft:crouch_one_cm":391,"minecraft:play_time":53895,"minecraft:deaths":1,"minecraft:sneak_time":352,"minecraft:jump":810,"minecraft:total_world_time":53895,"minecraft:fall_one_cm":24177},"minecraft:picked_up":{"minecraft:crafting_table":5,"minecraft:feather":1,"minecraft:lilac":1,"minecraft:chicken":1,"minecraft:leather":11,"minecraft:wooden_pickaxe":1,"create:raw_zinc":7,"minecraft:oak_log":21,"minecraft:shield":1,"minecraft:lapis_lazuli":50,"minecraft:string":2,"minecraft:dirt":3,"minecraft:apple":1,"minecraft:bow":1,"minecraft:wheat_seeds":6,"minecraft:iron_pickaxe":1,"minecraft:furnace":1,"minecraft:raw_iron":23,"minecraft:stick":2,"minecraft:torch":1,"minecraft:dandelion":1,"minecraft:porkchop":24,"minecraft:redstone":10,"minecraft:spider_eye":1,"minecraft:oak_sapling":4,"minecraft:black_wool":1,"minecraft:mutton":4,"minecraft:coal":16,"minecraft:white_wool":6,"minecraft:cobblestone":60,"minecraft:oxeye_daisy":1},"minecraft:mined":{"create:zinc_ore":7,"minecraft:deepslate_redstone_ore":2,"minecraft:dandelion":1,"minecraft:crafting_table":5,"minecraft:glow_lichen":1,"minecraft:grass_block":1,"minecraft:tall_grass":14,"minecraft:lapis_ore":8,"minecraft:furnace":1,"minecraft:iron_ore":22,"minecraft:lilac":1,"minecraft:grass":30,"minecraft:coal_ore":16,"minecraft:oak_log":21,"minecraft:gravel":3,"minecraft:dirt":1,"minecraft:stone":45,"minecraft:oak_leaves":2},"minecraft:used":{"minecraft:stone_pickaxe":18,"minecraft:wooden_pickaxe":10,"minecraft:shield":5,"minecraft:torch":17,"minecraft:crafting_table":6,"minecraft:wooden_axe":25,"minecraft:iron_pickaxe":75,"minecraft:lilac":1,"minecraft:wooden_sword":63,"minecraft:porkchop":8,"minecraft:furnace":3,"minecraft:oak_sapling":1,"minecraft:cooked_porkchop":3},"minecraft:crafted":{"minecraft:wooden_sword":1,"minecraft:oak_planks":68,"minecraft:cooked_porkchop":14,"minecraft:crafting_table":1,"minecraft:wooden_pickaxe":1,"usefulbackpacks:backpack_small":1,"minecraft:furnace":2,"immersive_melodies:lute":1,"minecraft:air":0,"magistuarmory:hilt":2,"minecraft:charcoal":4,"minecraft:stick":20,"minecraft:iron_ingot":13,"minecraft:stone_pickaxe":1,"minecraft:wooden_axe":1,"minecraft:torch":16,"magistuarmory:leather_strip":6},"minecraft:dropped":{"minecraft:cooked_porkchop":6,"minecraft:coal":8,"usefulbackpacks:backpack_small":1,"minecraft:wooden_pickaxe":1}},"DataVersion":3465}