{"stats":{"minecraft:killed":{"minecraft:sheep":3,"minecraft:horse":1,"minecraft:pig":11,"minecraft:chicken":1,"minecraft:spider":1},"minecraft:custom":{"minecraft:time_since_rest":41895,"minecraft:interact_with_furnace":10,"minecraft:sprint_one_cm":76131,"minecraft:damage_taken":277,"minecraft:walk_one_cm":113277,"minecraft:mob_kills":17,"minecraft:drop":7,"minecraft:damage_dealt":1837,"minecraft:interact_with_crafting_table":11,"minecraft:fly_one_cm":111650,"minecraft:crouch_one_cm":4,"minecraft:play_time":41895,"minecraft:sneak_time":2,"minecraft:jump":620,"minecraft:time_since_death":41895,"minecraft:total_world_time":41895,"minecraft:fall_one_cm":17504},"minecraft:mined":{"minecraft:furnace":1,"minecraft:lilac":1,"minecraft:dandelion":1,"minecraft:crafting_table":3,"minecraft:grass":30,"minecraft:grass_block":1,"minecraft:oak_log":21,"minecraft:dirt":1,"minecraft:tall_grass":14,"minecraft:stone":24,"minecraft:oak_leaves":2},"minecraft:picked_up":{"minecraft:stick":2,"minecraft:feather":1,"minecraft:crafting_table":3,"minecraft:lilac":1,"minecraft:chicken":1,"minecraft:leather":11,"minecraft:dandelion":1,"minecraft:wooden_pickaxe":1,"minecraft:porkchop":24,"minecraft:oak_log":21,"minecraft:shield":1,"minecraft:dirt":3,"minecraft:spider_eye":1,"minecraft:string":2,"minecraft:apple":1,"minecraft:wheat_seeds":6,"minecraft:iron_pickaxe":1,"minecraft:oak_sapling":4,"minecraft:black_wool":1,"minecraft:mutton":4,"minecraft:furnace":1,"minecraft:white_wool":2,"minecraft:cobblestone":33,"minecraft:oxeye_daisy":1},"minecraft:used":{"minecraft:wooden_axe":23,"minecraft:stone_pickaxe":17,"minecraft:wooden_pickaxe":10,"minecraft:lilac":1,"minecraft:wooden_sword":47,"minecraft:crafting_table":4,"minecraft:oak_sapling":1,"minecraft:cooked_porkchop":3,"minecraft:furnace":1,"minecraft:porkchop":8},"minecraft:crafted":{"minecraft:wooden_sword":1,"minecraft:oak_planks":44,"minecraft:charcoal":4,"minecraft:cooked_porkchop":14,"minecraft:crafting_table":1,"minecraft:stick":8,"minecraft:wooden_pickaxe":1,"minecraft:stone_pickaxe":1,"minecraft:wooden_axe":1,"minecraft:furnace":1,"immersive_melodies:lute":1,"minecraft:air":0},"minecraft:dropped":{"minecraft:cooked_porkchop":6,"minecraft:wooden_pickaxe":1}},"DataVersion":3465}