{"stats":{"minecraft:dropped":{"minecraft:bread":12,"magistuarmory:wood_heatershield":1,"minecraft:brown_mushroom":1,"minecraft:wheat_seeds":14,"minecraft:diamond":2,"minecraft:crafting_table":1,"minecraft:dripstone_block":1,"minecraft:cooked_porkchop":9,"magistuarmory:rustedcrusader_chestplate":1,"minecraft:feather":3,"minecraft:cobblestone":15,"minecraft:rail":1,"minecraft:coal":27,"minecraft:oxeye_daisy":4,"minecraft:torch":1,"minecraft:cornflower":3,"minecraft:wooden_axe":2,"minecraft:rabbit":1,"usefulbackpacks:backpack_small":2,"minecraft:wooden_sword":1,"minecraft:iron_pickaxe":1,"minecraft:string":9,"create:raw_zinc":6,"minecraft:dandelion":1,"minecraft:bone":3,"magistuarmory:rustedchainmail_leggings":2,"minecraft:gravel":9,"magistuarmoryaddon:steel_bollock_dagger":1,"minecraft:sweet_berries":60,"minecraft:kelp":6,"minecraft:blackstone":3,"minecraft:cobbled_deepslate":3,"magistuarmory:steel_ring":4,"minecraft:wheat":4,"minecraft:rotten_flesh":2,"magistuarmory:leather_strip":1,"minecraft:rabbit_hide":1,"minecraft:potato":5,"minecraft:gunpowder":13,"minecraft:spruce_planks":4,"create:zinc_ingot":1,"minecraft:diamond_pickaxe":1,"minecraft:beetroot_seeds":3,"minecraft:oak_sapling":3,"minecraft:spider_eye":6,"minecraft:spruce_log":1,"minecraft:stone_pickaxe":2,"minecraft:wooden_pickaxe":2,"minecraft:raw_gold":5,"minecraft:black_wool":1},"minecraft:custom":{"minecraft:mob_kills":128,"minecraft:interact_with_crafting_table":80,"minecraft:open_barrel":1,"minecraft:bell_ring":1,"minecraft:leave_game":5,"minecraft:time_since_death":95302,"minecraft:climb_one_cm":8726,"minecraft:sprint_one_cm":780408,"minecraft:walk_one_cm":509897,"minecraft:damage_blocked_by_shield":315,"minecraft:drop":87,"minecraft:play_time":244700,"minecraft:deaths":2,"minecraft:sneak_time":3083,"minecraft:walk_under_water_one_cm":17136,"minecraft:jump":5355,"minecraft:interact_with_blast_furnace":51,"minecraft:walk_on_water_one_cm":29690,"minecraft:total_world_time":244700,"minecraft:interact_with_furnace":54,"minecraft:sleep_in_bed":2,"minecraft:time_since_rest":95331,"minecraft:waystone_activated":1,"minecraft:damage_absorbed":40,"minecraft:damage_taken":3484,"minecraft:damage_dealt":18085,"minecraft:swim_one_cm":29589,"minecraft:fly_one_cm":1082838,"minecraft:open_chest":20,"minecraft:crouch_one_cm":6749,"minecraft:fall_one_cm":157736},"minecraft:picked_up":{"minecraft:wooden_axe":1,"minecraft:crafting_table":19,"minecraft:wheat":2,"minecraft:chicken":1,"minecraft:nether_wart":44,"minecraft:brown_mushroom":1,"minecraft:wooden_pickaxe":1,"minecraft:shield":1,"minecraft:cornflower":3,"minecraft:string":24,"minecraft:white_carpet":1,"minecraft:blackstone":3,"minecraft:beetroot":1,"minecraft:tnt_minecart":1,"usefulbackpacks:backpack_small":1,"minecraft:cobbled_deepslate":88,"minecraft:spruce_planks":29,"minecraft:beef":1,"minecraft:poppy":1,"minecraft:iron_pickaxe":1,"minecraft:furnace":7,"minecraft:stick":44,"minecraft:raw_iron":82,"minecraft:torch":24,"minecraft:porkchop":41,"minecraft:redstone":28,"magistuarmory:rustedcrusader_chestplate":1,"minecraft:arrow":27,"minecraft:rotten_flesh":8,"minecraft:beetroot_seeds":3,"minecraft:nether_bricks":31,"minecraft:hay_block":30,"minecraft:blaze_rod":1,"minecraft:oxeye_daisy":4,"minecraft:mutton":15,"minecraft:rail":1,"minecraft:white_wool":20,"minecraft:cobblestone":178,"minecraft:birch_log":8,"minecraft:lilac":1,"minecraft:feather":3,"magistuarmory:steel_ring":2,"minecraft:magma_cream":3,"minecraft:leather":13,"minecraft:potato":10,"minecraft:flint":1,"minecraft:tuff":5,"create:raw_zinc":11,"minecraft:oak_log":25,"minecraft:gunpowder":18,"minecraft:lapis_lazuli":57,"minecraft:dirt":7,"minecraft:bone":22,"minecraft:apple":1,"minecraft:kelp":6,"minecraft:bow":2,"minecraft:wheat_seeds":22,"minecraft:raw_gold":5,"minecraft:rabbit_hide":1,"minecraft:iron_ingot":10,"minecraft:stone_pickaxe":1,"minecraft:rabbit":1,"minecraft:oak_planks":13,"minecraft:soul_sand":10,"minecraft:sweet_berries":124,"minecraft:quartz":4,"minecraft:dandelion":1,"minecraft:dripstone_block":3,"minecraft:gravel":10,"minecraft:stripped_spruce_log":7,"minecraft:blast_furnace":6,"minecraft:spruce_log":7,"magistuarmory:rustedchainmail_leggings":2,"minecraft:spider_eye":6,"minecraft:diamond":13,"magistuarmory:leather_strip":1,"minecraft:netherrack":52,"minecraft:oak_sapling":4,"minecraft:light_gray_carpet":1,"minecraft:black_wool":1,"spelunkers_charm:rock":1,"minecraft:coal":120,"minecraft:diamond_pickaxe":1},"minecraft:killed":{"minecraft:spider":12,"naturalist:robin":1,"minecraft:skeleton":28,"minecraft:horse":1,"minecraft:chicken":1,"minecraft:magma_cube":13,"minecraft:piglin":5,"minecraft:pig":18,"naturalist:firefly":1,"minecraft:rabbit":1,"minecraft:hoglin":2,"minecraft:creeper":5,"minecraft:sheep":9,"minecraft:zombie":20,"minecraft:blaze":1,"minecraft:cow":2},"minecraft:used":{"minecraft:beetroot":1,"minecraft:flint_and_steel":2,"minecraft:light_gray_carpet":1,"slavicarmory:steel_bardiche":162,"minecraft:shield":7,"minecraft:netherrack":3,"minecraft:torch":229,"magistuarmory:steel_shortsword":1,"minecraft:mutton":5,"minecraft:dirt":5,"minecraft:tuff":5,"minecraft:stripped_spruce_log":2,"minecraft:wooden_axe":27,"minecraft:lava_bucket":11,"minecraft:beef":1,"minecraft:hay_block":1,"minecraft:oak_sapling":1,"minecraft:furnace":7,"minecraft:cooked_mutton":10,"minecraft:cobbled_deepslate":13,"minecraft:water_bucket":1,"minecraft:wheat_seeds":2,"minecraft:oak_planks":13,"minecraft:stone_pickaxe":118,"minecraft:wooden_pickaxe":10,"magistuarmoryaddon:steel_bollock_dagger":2,"minecraft:white_wool":7,"magistuarmory:steel_claymore":83,"minecraft:golden_apple":1,"minecraft:blast_furnace":6,"minecraft:crafting_table":22,"minecraft:dripstone_block":2,"magistuarmory:longbow":12,"minecraft:apple":1,"minecraft:chicken":1,"minecraft:iron_pickaxe":484,"minecraft:bread":35,"minecraft:gravel":1,"minecraft:lilac":1,"minecraft:stone_axe":49,"minecraft:wooden_sword":63,"minecraft:cobblestone":92,"minecraft:porkchop":16,"minecraft:cooked_porkchop":13,"minecraft:bucket":12},"minecraft:killed_by":{"minecraft:skeleton":1,"minecraft:zombie":1},"minecraft:mined":{"realmrpg_skeletons:swimmer_skeleton":1,"create:zinc_ore":10,"create:deepslate_zinc_ore":1,"minecraft:tuff":12,"minecraft:deepslate_diamond_ore":11,"minecraft:red_nether_bricks":6,"minecraft:glow_lichen":1,"minecraft:nether_bricks":31,"minecraft:grass_block":3,"minecraft:crimson_roots":3,"minecraft:spruce_leaves":1,"minecraft:nether_wart":40,"minecraft:cracked_nether_bricks":1,"realmrpg_skeletons:dungeon_crawler_skeleton":1,"minecraft:large_fern":18,"minecraft:hay_block":30,"minecraft:redstone_ore":4,"minecraft:magma_block":1,"minecraft:furnace":7,"minecraft:iron_ore":69,"minecraft:fire":5,"minecraft:cobbled_deepslate":2,"minecraft:stripped_spruce_log":7,"spelunkers_charm:deepslate_rock_pile_2":1,"minecraft:nether_brick_stairs":1,"minecraft:nether_brick_fence":2,"minecraft:deepslate_iron_ore":13,"minecraft:stone":162,"spelunkers_charm:rock_pile_1":1,"minecraft:white_wool":4,"farmersdelight:wild_potatoes":10,"minecraft:podzol":1,"minecraft:deepslate_redstone_ore":2,"minecraft:light_gray_carpet":1,"minecraft:brown_mushroom":1,"minecraft:soul_sand":10,"minecraft:blackstone":3,"minecraft:crimson_nylium":7,"minecraft:dandelion":1,"minecraft:oak_fence":1,"minecraft:crafting_table":19,"minecraft:torch":1,"minecraft:blast_furnace":6,"minecraft:nether_quartz_ore":4,"minecraft:tall_grass":15,"minecraft:cobblestone":9,"minecraft:deepslate_gold_ore":5,"minecraft:lapis_ore":8,"minecraft:oak_planks":12,"minecraft:wall_torch":7,"minecraft:nether_wart_block":2,"realmrpg_skeletons:webbed_skeleton":1,"minecraft:birch_log":8,"minecraft:wheat":2,"minecraft:sweet_berry_bush":84,"minecraft:spruce_log":7,"minecraft:lilac":1,"minecraft:white_carpet":1,"minecraft:grass":44,"minecraft:coal_ore":43,"minecraft:oak_log":25,"minecraft:beetroots":1,"minecraft:gravel":11,"minecraft:dirt":4,"minecraft:dripstone_block":4,"minecraft:cobweb":1,"minecraft:deepslate":85,"minecraft:oak_leaves":2,"minecraft:netherrack":83,"realmrpg_skeletons:unsaved_skeleton":1,"minecraft:fern":19},"minecraft:crafted":{"minecraft:wooden_sword":1,"minecraft:smooth_stone":3,"minecraft:oak_planks":84,"magistuarmory:steel_zweihander":1,"magistuarmory:gothic_leggings":1,"magistuarmory:face_helmet":1,"magistuarmory:steel_claymore":1,"usefulbackpacks:backpack_small":2,"magistuarmory:wood_heatershield":1,"minecraft:furnace":3,"minecraft:blast_furnace":1,"minecraft:stone":3,"magistuarmoryaddon:steel_bollock_dagger":1,"magistuarmory:longbow":1,"magistuarmory:kastenbrust_boots":1,"minecraft:cooked_mutton":10,"minecraft:flint_and_steel":1,"magistuarmory:hilt":7,"magistuarmoryaddon:cuman_captain_helmet":1,"magistuarmory:steel_shortsword":2,"magistuarmory:steel_ingot":44,"minecraft:stone_pickaxe":1,"magistuarmory:small_steel_plate":8,"magistuarmory:pole":1,"slavicarmory:steel_bardiche":1,"magistuarmory:steel_ring":56,"magistuarmory:steel_plate":14,"minecraft:wheat":261,"magistuarmory:steel_nugget":45,"magistuarmory:shishak":1,"minecraft:cooked_porkchop":22,"minecraft:crafting_table":4,"minecraft:spruce_planks":44,"minecraft:wooden_pickaxe":2,"immersive_melodies:lute":1,"minecraft:bucket":1,"minecraft:birch_planks":32,"minecraft:stone_axe":1,"minecraft:air":0,"minecraft:bread":86,"magistuarmory:halfarmor_chestplate":1,"minecraft:diamond_pickaxe":1,"minecraft:charcoal":4,"minecraft:stick":112,"minecraft:iron_ingot":77,"minecraft:iron_pickaxe":1,"minecraft:wooden_axe":2,"magistuarmory:steel_chainmail":6,"minecraft:torch":180,"create:zinc_ingot":1,"magistuarmory:leather_strip":12},"minecraft:broken":{"minecraft:iron_pickaxe":1}},"DataVersion":3465}