{"stats":{"minecraft:killed_by":{"minecraft:skeleton":1,"minecraft:zombie":1},"minecraft:killed":{"minecraft:spider":11,"naturalist:robin":1,"minecraft:skeleton":12,"minecraft:horse":1,"minecraft:chicken":1,"minecraft:pig":18,"naturalist:firefly":1,"minecraft:rabbit":1,"minecraft:creeper":4,"minecraft:sheep":9,"minecraft:zombie":17,"minecraft:cow":2},"minecraft:custom":{"minecraft:mob_kills":81,"minecraft:interact_with_crafting_table":59,"minecraft:open_barrel":1,"minecraft:bell_ring":1,"minecraft:leave_game":1,"minecraft:time_since_death":24115,"minecraft:climb_one_cm":8659,"minecraft:sprint_one_cm":524872,"minecraft:walk_one_cm":377481,"minecraft:damage_blocked_by_shield":315,"minecraft:drop":63,"minecraft:play_time":173513,"minecraft:deaths":2,"minecraft:sneak_time":1826,"minecraft:walk_under_water_one_cm":14254,"minecraft:jump":3555,"minecraft:interact_with_blast_furnace":38,"minecraft:walk_on_water_one_cm":14515,"minecraft:total_world_time":173513,"minecraft:interact_with_furnace":43,"minecraft:sleep_in_bed":2,"minecraft:time_since_rest":24144,"minecraft:waystone_activated":1,"minecraft:damage_taken":1972,"minecraft:damage_dealt":11991,"minecraft:swim_one_cm":29589,"minecraft:fly_one_cm":712539,"minecraft:open_chest":5,"minecraft:crouch_one_cm":3474,"minecraft:fall_one_cm":106065},"minecraft:picked_up":{"minecraft:crafting_table":14,"minecraft:wheat":2,"minecraft:chicken":1,"minecraft:brown_mushroom":1,"minecraft:wooden_pickaxe":1,"minecraft:shield":1,"minecraft:cornflower":3,"minecraft:string":24,"minecraft:white_carpet":1,"minecraft:beetroot":1,"minecraft:tnt_minecart":1,"minecraft:cobbled_deepslate":65,"minecraft:spruce_planks":29,"minecraft:beef":1,"minecraft:poppy":1,"minecraft:iron_pickaxe":1,"minecraft:furnace":4,"minecraft:stick":2,"minecraft:raw_iron":77,"minecraft:torch":21,"minecraft:porkchop":37,"minecraft:redstone":28,"magistuarmory:rustedcrusader_chestplate":1,"minecraft:arrow":11,"minecraft:rotten_flesh":8,"minecraft:beetroot_seeds":3,"minecraft:hay_block":30,"minecraft:mutton":15,"minecraft:rail":1,"minecraft:white_wool":14,"minecraft:cobblestone":163,"minecraft:oxeye_daisy":4,"minecraft:birch_log":8,"magistuarmory:steel_ring":2,"minecraft:feather":3,"minecraft:lilac":1,"minecraft:leather":12,"minecraft:potato":10,"create:raw_zinc":11,"minecraft:oak_log":25,"minecraft:gunpowder":3,"minecraft:lapis_lazuli":57,"minecraft:dirt":7,"minecraft:bone":12,"minecraft:apple":1,"minecraft:kelp":6,"minecraft:bow":1,"minecraft:wheat_seeds":22,"minecraft:raw_gold":1,"minecraft:rabbit_hide":1,"minecraft:iron_ingot":10,"minecraft:stone_pickaxe":1,"minecraft:rabbit":1,"minecraft:oak_planks":2,"minecraft:sweet_berries":124,"minecraft:dandelion":1,"minecraft:dripstone_block":3,"minecraft:gravel":4,"minecraft:stripped_spruce_log":7,"minecraft:blast_furnace":4,"minecraft:spruce_log":7,"minecraft:spider_eye":6,"minecraft:diamond":2,"minecraft:oak_sapling":4,"minecraft:light_gray_carpet":1,"minecraft:black_wool":1,"spelunkers_charm:rock":1,"minecraft:coal":52,"minecraft:diamond_pickaxe":1},"minecraft:mined":{"realmrpg_skeletons:swimmer_skeleton":1,"create:zinc_ore":10,"create:deepslate_zinc_ore":1,"minecraft:glow_lichen":1,"minecraft:grass_block":3,"minecraft:spruce_leaves":1,"realmrpg_skeletons:dungeon_crawler_skeleton":1,"minecraft:large_fern":18,"minecraft:hay_block":30,"minecraft:redstone_ore":4,"minecraft:furnace":4,"minecraft:iron_ore":64,"minecraft:stripped_spruce_log":7,"spelunkers_charm:deepslate_rock_pile_2":1,"minecraft:deepslate_iron_ore":13,"minecraft:stone":153,"spelunkers_charm:rock_pile_1":1,"farmersdelight:wild_potatoes":10,"minecraft:podzol":1,"minecraft:deepslate_redstone_ore":2,"minecraft:light_gray_carpet":1,"minecraft:brown_mushroom":1,"minecraft:dandelion":1,"minecraft:oak_fence":1,"minecraft:crafting_table":14,"minecraft:torch":1,"minecraft:blast_furnace":4,"minecraft:tall_grass":15,"minecraft:cobblestone":7,"minecraft:lapis_ore":8,"minecraft:deepslate_gold_ore":1,"minecraft:oak_planks":1,"minecraft:wall_torch":5,"realmrpg_skeletons:webbed_skeleton":1,"minecraft:birch_log":8,"minecraft:wheat":2,"minecraft:sweet_berry_bush":84,"minecraft:spruce_log":7,"minecraft:lilac":1,"minecraft:white_carpet":1,"minecraft:grass":44,"minecraft:oak_log":25,"minecraft:coal_ore":43,"minecraft:beetroots":1,"minecraft:gravel":4,"minecraft:dripstone_block":4,"minecraft:dirt":4,"minecraft:cobweb":1,"realmrpg_skeletons:unsaved_skeleton":1,"minecraft:oak_leaves":2,"minecraft:deepslate":66,"minecraft:fern":19},"minecraft:used":{"minecraft:beetroot":1,"minecraft:light_gray_carpet":1,"slavicarmory:steel_bardiche":145,"minecraft:shield":7,"minecraft:torch":145,"minecraft:dirt":5,"minecraft:mutton":5,"minecraft:stripped_spruce_log":2,"minecraft:wooden_axe":27,"minecraft:beef":1,"minecraft:hay_block":1,"minecraft:oak_sapling":1,"minecraft:furnace":4,"minecraft:wheat_seeds":2,"minecraft:stone_pickaxe":118,"minecraft:oak_planks":1,"minecraft:wooden_pickaxe":10,"minecraft:crafting_table":16,"minecraft:blast_furnace":4,"minecraft:dripstone_block":2,"minecraft:chicken":1,"minecraft:iron_pickaxe":273,"minecraft:bread":30,"minecraft:gravel":1,"minecraft:lilac":1,"minecraft:stone_axe":34,"minecraft:wooden_sword":63,"minecraft:cobblestone":62,"minecraft:porkchop":12,"minecraft:cooked_porkchop":6},"minecraft:crafted":{"minecraft:wooden_sword":1,"minecraft:smooth_stone":3,"minecraft:oak_planks":84,"magistuarmory:gothic_leggings":1,"magistuarmory:face_helmet":1,"usefulbackpacks:backpack_small":2,"magistuarmory:wood_heatershield":1,"minecraft:furnace":3,"minecraft:blast_furnace":1,"minecraft:stone":3,"magistuarmory:kastenbrust_boots":1,"magistuarmory:hilt":2,"magistuarmoryaddon:cuman_captain_helmet":1,"magistuarmory:steel_ingot":42,"minecraft:stone_pickaxe":1,"magistuarmory:small_steel_plate":8,"magistuarmory:pole":1,"slavicarmory:steel_bardiche":1,"magistuarmory:steel_ring":56,"magistuarmory:steel_plate":14,"minecraft:wheat":261,"magistuarmory:steel_nugget":45,"magistuarmory:shishak":1,"minecraft:cooked_porkchop":16,"minecraft:crafting_table":4,"minecraft:spruce_planks":44,"minecraft:wooden_pickaxe":2,"immersive_melodies:lute":1,"minecraft:birch_planks":32,"minecraft:stone_axe":1,"minecraft:bread":86,"minecraft:air":0,"magistuarmory:halfarmor_chestplate":1,"minecraft:charcoal":4,"minecraft:stick":112,"minecraft:iron_ingot":52,"minecraft:iron_pickaxe":1,"minecraft:wooden_axe":2,"magistuarmory:steel_chainmail":6,"minecraft:torch":136,"create:zinc_ingot":1,"magistuarmory:leather_strip":6},"minecraft:dropped":{"minecraft:bread":12,"magistuarmory:wood_heatershield":1,"minecraft:brown_mushroom":1,"minecraft:wheat_seeds":14,"minecraft:diamond":2,"minecraft:dripstone_block":1,"minecraft:cooked_porkchop":9,"magistuarmory:rustedcrusader_chestplate":1,"minecraft:feather":3,"minecraft:cobblestone":5,"minecraft:rail":1,"minecraft:coal":8,"minecraft:oxeye_daisy":4,"minecraft:torch":1,"minecraft:cornflower":3,"minecraft:rabbit":1,"usefulbackpacks:backpack_small":1,"minecraft:wooden_sword":1,"minecraft:iron_pickaxe":1,"minecraft:string":9,"create:raw_zinc":6,"minecraft:dandelion":1,"minecraft:bone":2,"minecraft:gravel":3,"minecraft:kelp":6,"minecraft:sweet_berries":60,"minecraft:cobbled_deepslate":1,"magistuarmory:steel_ring":2,"minecraft:wheat":4,"minecraft:rabbit_hide":1,"minecraft:potato":5,"minecraft:gunpowder":3,"minecraft:spruce_planks":4,"create:zinc_ingot":1,"minecraft:diamond_pickaxe":1,"minecraft:beetroot_seeds":3,"minecraft:oak_sapling":3,"minecraft:spider_eye":6,"minecraft:spruce_log":1,"minecraft:wooden_pickaxe":2,"minecraft:black_wool":1}},"DataVersion":3465}