{"stats":{"minecraft:killed_by":{"minecraft:zombie":1},"minecraft:killed":{"minecraft:pig":13,"naturalist:firefly":1,"minecraft:spider":3,"naturalist:robin":1,"minecraft:creeper":2,"minecraft:horse":1,"minecraft:sheep":4,"minecraft:skeleton":4,"minecraft:zombie":3,"minecraft:chicken":1,"minecraft:cow":2},"minecraft:custom":{"minecraft:interact_with_furnace":41,"minecraft:mob_kills":36,"minecraft:interact_with_crafting_table":33,"minecraft:bell_ring":1,"minecraft:time_since_death":45745,"minecraft:sleep_in_bed":1,"minecraft:time_since_rest":10893,"minecraft:sprint_one_cm":203323,"minecraft:damage_taken":736,"minecraft:walk_one_cm":213984,"minecraft:damage_blocked_by_shield":225,"minecraft:drop":26,"minecraft:damage_dealt":4492,"minecraft:swim_one_cm":7237,"minecraft:fly_one_cm":274234,"minecraft:open_chest":2,"minecraft:crouch_one_cm":1051,"minecraft:play_time":89895,"minecraft:deaths":1,"minecraft:sneak_time":728,"minecraft:walk_under_water_one_cm":7368,"minecraft:jump":1476,"minecraft:interact_with_blast_furnace":10,"minecraft:walk_on_water_one_cm":3599,"minecraft:total_world_time":89895,"minecraft:fall_one_cm":37948},"minecraft:picked_up":{"minecraft:crafting_table":8,"minecraft:feather":3,"minecraft:lilac":1,"minecraft:chicken":1,"minecraft:leather":12,"minecraft:wooden_pickaxe":1,"create:raw_zinc":7,"minecraft:oak_log":21,"minecraft:shield":1,"minecraft:lapis_lazuli":50,"minecraft:string":4,"minecraft:dirt":4,"minecraft:bone":3,"minecraft:beetroot":1,"minecraft:apple":1,"minecraft:kelp":6,"minecraft:bow":1,"minecraft:wheat_seeds":9,"minecraft:cobbled_deepslate":65,"minecraft:beef":1,"minecraft:iron_ingot":10,"minecraft:iron_pickaxe":1,"minecraft:oak_planks":1,"minecraft:furnace":4,"minecraft:raw_iron":32,"minecraft:stick":2,"minecraft:torch":19,"minecraft:dandelion":1,"minecraft:gravel":4,"minecraft:porkchop":27,"minecraft:blast_furnace":1,"minecraft:redstone":10,"magistuarmory:rustedcrusader_chestplate":1,"minecraft:spider_eye":4,"minecraft:arrow":4,"minecraft:beetroot_seeds":3,"minecraft:hay_block":11,"minecraft:oak_sapling":4,"minecraft:black_wool":1,"minecraft:mutton":5,"minecraft:coal":18,"minecraft:white_wool":9,"minecraft:cobblestone":139,"minecraft:oxeye_daisy":1},"minecraft:mined":{"realmrpg_skeletons:swimmer_skeleton":1,"create:zinc_ore":7,"minecraft:deepslate_redstone_ore":2,"minecraft:dandelion":1,"minecraft:crafting_table":8,"minecraft:glow_lichen":1,"minecraft:blast_furnace":1,"minecraft:grass_block":2,"minecraft:tall_grass":14,"minecraft:cobblestone":2,"minecraft:lapis_ore":8,"minecraft:wall_torch":4,"minecraft:hay_block":11,"minecraft:furnace":4,"minecraft:wheat":2,"minecraft:iron_ore":31,"minecraft:lilac":1,"minecraft:grass":32,"minecraft:coal_ore":16,"minecraft:oak_log":21,"minecraft:beetroots":1,"minecraft:gravel":3,"minecraft:dirt":1,"minecraft:stone":130,"minecraft:deepslate":65,"minecraft:oak_leaves":2},"minecraft:used":{"minecraft:beetroot":1,"minecraft:wheat_seeds":2,"minecraft:stone_pickaxe":33,"minecraft:oak_planks":1,"slavicarmory:steel_bardiche":29,"minecraft:wooden_pickaxe":10,"minecraft:shield":5,"minecraft:torch":47,"minecraft:mutton":5,"minecraft:crafting_table":9,"minecraft:blast_furnace":1,"minecraft:wooden_axe":25,"minecraft:chicken":1,"minecraft:bread":1,"minecraft:iron_pickaxe":229,"minecraft:gravel":1,"minecraft:lilac":1,"minecraft:stone_axe":3,"minecraft:wooden_sword":63,"minecraft:cobblestone":4,"minecraft:beef":1,"minecraft:hay_block":1,"minecraft:porkchop":11,"minecraft:furnace":4,"minecraft:oak_sapling":1,"minecraft:cooked_porkchop":4},"minecraft:crafted":{"magistuarmory:steel_nugget":27,"minecraft:wooden_sword":1,"minecraft:smooth_stone":3,"minecraft:oak_planks":68,"magistuarmory:gothic_leggings":1,"magistuarmory:shishak":1,"minecraft:cooked_porkchop":16,"minecraft:crafting_table":2,"minecraft:wooden_pickaxe":1,"magistuarmory:wood_heatershield":1,"usefulbackpacks:backpack_small":2,"minecraft:furnace":3,"minecraft:blast_furnace":1,"immersive_melodies:lute":1,"minecraft:stone":3,"minecraft:stone_axe":1,"minecraft:bread":30,"minecraft:air":0,"magistuarmory:halfarmor_chestplate":1,"magistuarmory:hilt":2,"minecraft:charcoal":4,"magistuarmory:steel_ingot":28,"minecraft:stick":20,"minecraft:iron_ingot":23,"minecraft:stone_pickaxe":1,"minecraft:wooden_axe":1,"magistuarmory:steel_chainmail":3,"magistuarmory:pole":1,"slavicarmory:steel_bardiche":1,"magistuarmory:steel_ring":32,"minecraft:torch":28,"minecraft:wheat":90,"create:zinc_ingot":1,"magistuarmory:steel_plate":10,"magistuarmory:leather_strip":6},"minecraft:dropped":{"minecraft:gravel":3,"minecraft:cobbled_deepslate":1,"minecraft:cooked_porkchop":9,"magistuarmory:rustedcrusader_chestplate":1,"minecraft:feather":3,"minecraft:coal":8,"minecraft:oxeye_daisy":1,"create:zinc_ingot":1,"minecraft:beetroot_seeds":3,"minecraft:spider_eye":2,"usefulbackpacks:backpack_small":1,"minecraft:wooden_sword":1,"minecraft:wooden_pickaxe":2,"minecraft:dandelion":1,"create:raw_zinc":6,"minecraft:bone":2}},"DataVersion":3465}