{"stats":{"minecraft:killed":{"minecraft:pig":1,"minecraft:zombie":1},"minecraft:custom":{"minecraft:time_since_rest":28325,"minecraft:interact_with_furnace":4,"minecraft:sprint_one_cm":64531,"minecraft:damage_taken":220,"minecraft:walk_one_cm":53166,"minecraft:mob_kills":2,"minecraft:damage_dealt":109,"minecraft:interact_with_crafting_table":9,"minecraft:fly_one_cm":57107,"minecraft:crouch_one_cm":11608,"minecraft:play_time":28325,"minecraft:sneak_time":4446,"minecraft:jump":340,"minecraft:time_since_death":28325,"minecraft:walk_on_water_one_cm":105,"minecraft:total_world_time":28325,"minecraft:fall_one_cm":9510},"minecraft:mined":{"minecraft:furnace":1,"minecraft:iron_ore":6,"minecraft:powder_snow":1,"minecraft:crafting_table":2,"minecraft:grass":4,"minecraft:oak_log":17,"minecraft:grass_block":6,"minecraft:coal_ore":51,"minecraft:dirt":3,"minecraft:copper_ore":1,"minecraft:cobblestone":1,"minecraft:stone":150,"minecraft:oak_leaves":3,"minecraft:wall_torch":3},"minecraft:picked_up":{"minecraft:raw_iron":6,"minecraft:crafting_table":2,"minecraft:cooked_porkchop":3,"minecraft:torch":3,"minecraft:dandelion":1,"minecraft:porkchop":1,"minecraft:oak_log":17,"minecraft:dirt":10,"minecraft:raw_copper":5,"minecraft:rotten_flesh":2,"minecraft:coal":97,"minecraft:cobblestone":150,"minecraft:furnace":1},"minecraft:used":{"minecraft:stone_pickaxe":171,"minecraft:iron_pickaxe":4,"minecraft:wooden_pickaxe":46,"minecraft:iron_sword":2,"minecraft:rotten_flesh":2,"minecraft:stone_axe":14,"minecraft:torch":15,"minecraft:dirt":8,"minecraft:cobblestone":23,"minecraft:crafting_table":3,"minecraft:furnace":1,"minecraft:cooked_porkchop":2},"minecraft:crafted":{"minecraft:oak_planks":68,"minecraft:shield":1,"minecraft:crafting_table":2,"minecraft:stick":16,"minecraft:iron_pickaxe":1,"minecraft:iron_ingot":6,"minecraft:wooden_pickaxe":1,"minecraft:stone_pickaxe":2,"minecraft:iron_sword":1,"minecraft:furnace":1,"minecraft:torch":16,"minecraft:stone_axe":1,"minecraft:air":0},"minecraft:broken":{"minecraft:stone_pickaxe":1}},"DataVersion":3465}