{"stats":{"minecraft:killed":{"minecraft:pig":6,"naturalist:robin":2,"minecraft:creeper":1,"minecraft:sheep":7,"minecraft:horse":7,"minecraft:zombie":1,"naturalist:bass":3},"minecraft:custom":{"minecraft:interact_with_furnace":47,"minecraft:mob_kills":27,"minecraft:interact_with_crafting_table":27,"minecraft:time_since_death":70325,"minecraft:sleep_in_bed":1,"minecraft:time_since_rest":26754,"minecraft:sprint_one_cm":124491,"minecraft:damage_taken":300,"minecraft:walk_one_cm":116671,"minecraft:drop":2,"minecraft:damage_dealt":3069,"minecraft:swim_one_cm":112981,"minecraft:fly_one_cm":82309,"minecraft:crouch_one_cm":28940,"minecraft:play_time":70325,"minecraft:sneak_time":12285,"minecraft:walk_under_water_one_cm":26214,"minecraft:jump":595,"minecraft:interact_with_blast_furnace":5,"minecraft:walk_on_water_one_cm":7267,"minecraft:total_world_time":70325,"minecraft:fall_one_cm":13777},"minecraft:mined":{"minecraft:oak_door":11,"minecraft:powder_snow":1,"minecraft:crafting_table":2,"minecraft:granite":14,"minecraft:grass_block":6,"minecraft:calcite":212,"minecraft:copper_ore":6,"minecraft:tall_grass":4,"minecraft:cobblestone":13,"minecraft:sugar_cane":9,"minecraft:diorite":14,"minecraft:wall_torch":5,"spelunkers_charm:rock_pile_3":1,"minecraft:furnace":1,"minecraft:iron_ore":32,"minecraft:grass":7,"minecraft:coal_ore":61,"minecraft:oak_log":17,"minecraft:dirt":3,"minecraft:stone":320,"minecraft:oak_leaves":4},"minecraft:picked_up":{"minecraft:crafting_table":2,"minecraft:feather":3,"minecraft:leather":6,"minecraft:oak_log":17,"minecraft:gunpowder":2,"minecraft:dirt":10,"minecraft:raw_copper":18,"naturalist:bass":3,"minecraft:calcite":212,"minecraft:sugar_cane":20,"minecraft:furnace":1,"minecraft:raw_iron":27,"minecraft:cooked_porkchop":3,"minecraft:oak_door":11,"minecraft:torch":5,"minecraft:dandelion":1,"minecraft:porkchop":8,"minecraft:diorite":14,"minecraft:rotten_flesh":2,"minecraft:granite":14,"minecraft:gray_wool":1,"minecraft:black_wool":2,"spelunkers_charm:rock":3,"minecraft:mutton":11,"minecraft:coal":107,"minecraft:white_wool":4,"minecraft:cobblestone":330},"minecraft:used":{"minecraft:cooked_mutton":2,"minecraft:diorite":4,"minecraft:stone_pickaxe":353,"minecraft:wooden_pickaxe":46,"minecraft:stone":10,"minecraft:iron_sword":66,"minecraft:rotten_flesh":2,"minecraft:oak_door":13,"minecraft:torch":42,"minecraft:dirt":8,"minecraft:crafting_table":6,"minecraft:blast_furnace":1,"minecraft:white_bed":1,"minecraft:iron_pickaxe":290,"minecraft:stone_axe":25,"minecraft:cobblestone":59,"minecraft:furnace":6,"minecraft:cooked_porkchop":3},"minecraft:crafted":{"minecraft:oak_door":3,"minecraft:smooth_stone":18,"minecraft:oak_planks":68,"minecraft:cooked_porkchop":8,"minecraft:iron_nugget":9,"minecraft:crafting_table":4,"minecraft:wooden_pickaxe":1,"minecraft:iron_sword":1,"minecraft:furnace":6,"minecraft:blast_furnace":1,"minecraft:stone":28,"minecraft:stone_axe":1,"naturalist:cooked_bass":3,"minecraft:cooked_mutton":11,"minecraft:air":0,"minecraft:shield":1,"magistuarmory:steel_ingot":6,"minecraft:stick":48,"minecraft:iron_ingot":21,"minecraft:iron_pickaxe":2,"minecraft:stone_pickaxe":3,"minecraft:white_bed":1,"minecraft:torch":132},"minecraft:broken":{"minecraft:stone_pickaxe":2,"minecraft:iron_pickaxe":1},"minecraft:dropped":{"minecraft:granite":14,"minecraft:dandelion":1}},"DataVersion":3465}