{"stats":{"minecraft:killed":{"minecraft:pig":6,"naturalist:robin":2,"minecraft:creeper":1,"minecraft:sheep":7,"minecraft:horse":7,"minecraft:zombie":1,"naturalist:bass":3,"minecraft:cow":1},"minecraft:custom":{"minecraft:interact_with_furnace":57,"minecraft:mob_kills":28,"minecraft:interact_with_crafting_table":35,"minecraft:time_since_death":82325,"minecraft:sleep_in_bed":1,"minecraft:time_since_rest":38754,"minecraft:sprint_one_cm":136208,"minecraft:damage_taken":480,"minecraft:walk_one_cm":122731,"minecraft:drop":4,"minecraft:damage_dealt":3169,"minecraft:swim_one_cm":162631,"minecraft:fly_one_cm":88385,"minecraft:crouch_one_cm":28992,"minecraft:play_time":82325,"minecraft:sneak_time":12583,"minecraft:walk_under_water_one_cm":32150,"minecraft:jump":635,"minecraft:interact_with_blast_furnace":13,"minecraft:walk_on_water_one_cm":8467,"minecraft:total_world_time":82325,"minecraft:fall_one_cm":14046},"minecraft:mined":{"minecraft:oak_door":16,"minecraft:powder_snow":1,"minecraft:crafting_table":2,"minecraft:granite":14,"minecraft:grass_block":6,"minecraft:calcite":212,"minecraft:copper_ore":6,"minecraft:tall_grass":4,"minecraft:cobblestone":13,"minecraft:sugar_cane":9,"minecraft:diorite":14,"minecraft:wall_torch":5,"minecraft:large_fern":1,"spelunkers_charm:rock_pile_3":1,"minecraft:furnace":1,"minecraft:iron_ore":35,"minecraft:grass":14,"minecraft:coal_ore":61,"minecraft:oak_log":17,"minecraft:dirt":3,"minecraft:stone":321,"minecraft:oak_leaves":4},"minecraft:picked_up":{"minecraft:crafting_table":2,"minecraft:feather":3,"minecraft:leather":7,"minecraft:oak_log":17,"minecraft:gunpowder":2,"minecraft:dirt":10,"minecraft:raw_copper":18,"naturalist:bass":3,"minecraft:wheat_seeds":2,"minecraft:calcite":212,"minecraft:sugar_cane":20,"minecraft:furnace":1,"minecraft:raw_iron":30,"minecraft:cooked_porkchop":3,"minecraft:oak_door":16,"minecraft:torch":5,"minecraft:dandelion":1,"minecraft:porkchop":8,"minecraft:diorite":14,"minecraft:rotten_flesh":2,"minecraft:granite":14,"minecraft:gray_wool":1,"minecraft:black_wool":2,"spelunkers_charm:rock":3,"minecraft:mutton":11,"minecraft:coal":107,"minecraft:white_wool":4,"minecraft:cobblestone":331},"minecraft:used":{"minecraft:cooked_mutton":4,"minecraft:diorite":4,"minecraft:stone_pickaxe":353,"minecraft:wooden_pickaxe":46,"minecraft:stone":10,"minecraft:iron_sword":68,"minecraft:rotten_flesh":2,"minecraft:oak_door":19,"minecraft:torch":45,"minecraft:dirt":8,"minecraft:crafting_table":6,"minecraft:blast_furnace":1,"minecraft:white_bed":1,"magistuarmoryaddon:steel_lance":8,"minecraft:iron_pickaxe":294,"minecraft:stone_axe":30,"minecraft:cobblestone":59,"minecraft:furnace":6,"minecraft:cooked_porkchop":3},"minecraft:crafted":{"magistuarmory:steel_nugget":9,"minecraft:oak_door":3,"minecraft:smooth_stone":18,"minecraft:oak_planks":68,"minecraft:cooked_porkchop":8,"minecraft:iron_nugget":9,"minecraft:crafting_table":4,"minecraft:wooden_pickaxe":1,"minecraft:iron_sword":1,"minecraft:furnace":6,"minecraft:blast_furnace":1,"magistuarmory:knight_chestplate":1,"minecraft:stone":28,"minecraft:stone_axe":1,"magistuarmoryaddon:steel_lance":1,"naturalist:cooked_bass":3,"minecraft:cooked_mutton":11,"minecraft:air":0,"magistuarmory:halfarmor_chestplate":1,"magistuarmory:hilt":2,"minecraft:shield":1,"magistuarmory:steel_ingot":16,"minecraft:stick":52,"minecraft:iron_ingot":31,"minecraft:iron_pickaxe":2,"minecraft:stone_pickaxe":3,"minecraft:white_bed":1,"magistuarmory:pole":1,"minecraft:torch":132,"magistuarmory:steel_plate":8,"magistuarmory:leather_strip":6},"minecraft:broken":{"minecraft:stone_pickaxe":2,"minecraft:iron_pickaxe":1},"minecraft:dropped":{"minecraft:granite":14,"minecraft:stick":1,"minecraft:gray_wool":1,"minecraft:dandelion":1}},"DataVersion":3465}