{"stats":{"minecraft:killed":{"minecraft:pig":6,"naturalist:robin":2,"minecraft:creeper":1,"minecraft:skeleton":1,"minecraft:sheep":10,"minecraft:horse":10,"minecraft:zombie":2,"naturalist:bass":3,"minecraft:cow":5},"minecraft:custom":{"minecraft:interact_with_furnace":57,"minecraft:mob_kills":40,"minecraft:interact_with_crafting_table":37,"minecraft:time_since_death":106325,"minecraft:sleep_in_bed":1,"minecraft:time_since_rest":62754,"minecraft:sprint_one_cm":258470,"minecraft:damage_taken":890,"minecraft:walk_one_cm":174079,"minecraft:drop":15,"minecraft:damage_dealt":5078,"minecraft:swim_one_cm":182388,"minecraft:fly_one_cm":230775,"minecraft:open_chest":4,"minecraft:crouch_one_cm":35094,"minecraft:play_time":106325,"minecraft:sneak_time":14507,"minecraft:walk_under_water_one_cm":37490,"minecraft:jump":1216,"minecraft:interact_with_blast_furnace":13,"minecraft:walk_on_water_one_cm":15757,"minecraft:total_world_time":106325,"minecraft:fall_one_cm":28144},"minecraft:mined":{"minecraft:oak_door":16,"farmersdelight:wild_carrots":6,"minecraft:powder_snow":1,"minecraft:crafting_table":2,"minecraft:granite":14,"minecraft:grass_block":6,"minecraft:calcite":212,"minecraft:copper_ore":6,"minecraft:tall_grass":5,"minecraft:cobblestone":15,"minecraft:sugar_cane":9,"minecraft:diorite":14,"farmersdelight:sandy_shrub":1,"minecraft:wall_torch":5,"minecraft:hay_block":166,"minecraft:large_fern":1,"spelunkers_charm:rock_pile_3":1,"minecraft:furnace":1,"minecraft:iron_ore":35,"minecraft:wheat":6,"minecraft:grass":22,"realmrpg_skeletons:rookie_skeleton":1,"minecraft:coal_ore":61,"minecraft:oak_log":17,"minecraft:sunflower":1,"minecraft:dirt":3,"minecraft:cobweb":5,"minecraft:stone":321,"minecraft:oak_leaves":4},"minecraft:picked_up":{"minecraft:crafting_table":2,"minecraft:wheat":5,"minecraft:feather":3,"minecraft:leather":14,"minecraft:oak_log":17,"minecraft:gunpowder":2,"minecraft:string":5,"minecraft:dirt":10,"minecraft:raw_copper":18,"naturalist:bass":3,"minecraft:bone":2,"minecraft:wheat_seeds":18,"minecraft:beef":7,"minecraft:calcite":212,"minecraft:sugar_cane":20,"minecraft:furnace":1,"minecraft:raw_iron":30,"minecraft:cooked_porkchop":3,"minecraft:oak_door":16,"minecraft:torch":5,"minecraft:dandelion":1,"minecraft:porkchop":8,"minecraft:diorite":14,"minecraft:carrot":6,"minecraft:rotten_flesh":2,"minecraft:hay_block":153,"minecraft:granite":14,"minecraft:gray_wool":1,"minecraft:black_wool":2,"spelunkers_charm:rock":6,"minecraft:mutton":11,"minecraft:coal":107,"minecraft:white_wool":7,"minecraft:cobblestone":332},"minecraft:used":{"minecraft:cooked_mutton":11,"minecraft:diorite":4,"minecraft:stone_pickaxe":353,"farmersdelight:golden_knife":18,"minecraft:wooden_pickaxe":46,"minecraft:stone":10,"minecraft:iron_sword":123,"minecraft:stone_hoe":72,"minecraft:rotten_flesh":2,"minecraft:oak_door":19,"minecraft:torch":45,"minecraft:golden_hoe":34,"minecraft:dirt":8,"minecraft:crafting_table":7,"minecraft:blast_furnace":1,"naturalist:cooked_bass":2,"minecraft:white_bed":1,"magistuarmoryaddon:steel_lance":11,"minecraft:iron_pickaxe":299,"minecraft:stone_axe":79,"minecraft:cobblestone":93,"minecraft:furnace":6,"minecraft:cooked_porkchop":5},"minecraft:crafted":{"magistuarmory:steel_nugget":9,"minecraft:oak_door":3,"minecraft:smooth_stone":18,"minecraft:oak_planks":68,"minecraft:cooked_porkchop":8,"minecraft:iron_nugget":9,"minecraft:crafting_table":5,"minecraft:wooden_pickaxe":1,"minecraft:iron_sword":1,"minecraft:furnace":6,"minecraft:blast_furnace":1,"magistuarmory:knight_chestplate":1,"minecraft:stone":28,"minecraft:stone_axe":1,"magistuarmoryaddon:steel_lance":1,"naturalist:cooked_bass":3,"minecraft:cooked_mutton":11,"minecraft:air":0,"magistuarmory:halfarmor_chestplate":1,"magistuarmory:hilt":2,"minecraft:shield":1,"magistuarmory:steel_ingot":16,"minecraft:stick":56,"minecraft:iron_ingot":31,"minecraft:iron_pickaxe":2,"minecraft:stone_pickaxe":3,"minecraft:white_bed":1,"magistuarmory:pole":1,"minecraft:torch":132,"minecraft:stone_hoe":1,"magistuarmory:steel_plate":8,"magistuarmory:leather_strip":6},"minecraft:broken":{"minecraft:stone_pickaxe":2,"minecraft:golden_hoe":1,"minecraft:iron_pickaxe":1},"minecraft:dropped":{"minecraft:wheat_seeds":2,"minecraft:wheat":5,"minecraft:oak_planks":2,"minecraft:granite":14,"minecraft:stick":3,"minecraft:dirt":2,"minecraft:gray_wool":1,"minecraft:gunpowder":2,"spelunkers_charm:rock":6,"minecraft:white_wool":1,"minecraft:dandelion":1,"minecraft:bone":2}},"DataVersion":3465}