{"stats":{"minecraft:killed":{"minecraft:spider":3,"naturalist:robin":2,"minecraft:horse":12,"minecraft:skeleton":3,"naturalist:bass":3,"minecraft:pig":6,"minecraft:creeper":1,"minecraft:sheep":11,"minecraft:zombie":2,"minecraft:cow":5},"minecraft:custom":{"minecraft:mob_kills":48,"minecraft:interact_with_crafting_table":41,"minecraft:leave_game":1,"minecraft:time_since_death":142215,"minecraft:sprint_one_cm":304728,"minecraft:damage_blocked_by_shield":60,"minecraft:walk_one_cm":199916,"minecraft:drop":30,"minecraft:play_time":142215,"minecraft:sneak_time":15691,"minecraft:walk_under_water_one_cm":47845,"minecraft:boat_one_cm":515642,"minecraft:jump":1540,"minecraft:interact_with_blast_furnace":13,"minecraft:walk_on_water_one_cm":26663,"minecraft:total_world_time":142215,"minecraft:interact_with_furnace":57,"minecraft:sleep_in_bed":1,"minecraft:time_since_rest":98644,"minecraft:damage_taken":1154,"minecraft:damage_dealt":6497,"minecraft:swim_one_cm":187885,"minecraft:fly_one_cm":302245,"minecraft:open_chest":5,"minecraft:crouch_one_cm":38814,"minecraft:fall_one_cm":36973},"minecraft:picked_up":{"minecraft:crafting_table":2,"minecraft:wheat":5,"magistuarmoryaddon:steel_lance":1,"minecraft:string":7,"minecraft:raw_copper":18,"minecraft:beef":7,"minecraft:calcite":212,"minecraft:sugar_cane":27,"minecraft:furnace":1,"minecraft:raw_iron":32,"minecraft:oak_door":16,"minecraft:torch":5,"minecraft:porkchop":8,"minecraft:diorite":14,"minecraft:carrot":39,"minecraft:arrow":2,"minecraft:rotten_flesh":2,"minecraft:hay_block":153,"create:veridium":16,"minecraft:mangrove_roots":3,"minecraft:mutton":17,"minecraft:white_wool":12,"minecraft:cobblestone":334,"minecraft:feather":3,"minecraft:leather":15,"minecraft:dark_oak_boat":4,"minecraft:oak_log":17,"minecraft:gunpowder":2,"minecraft:dirt":13,"naturalist:bass":3,"minecraft:bone":6,"minecraft:wheat_seeds":18,"minecraft:iron_sword":2,"minecraft:cooked_porkchop":3,"minecraft:dandelion":1,"magistuarmory:rustedchainmail_leggings":1,"minecraft:dark_oak_log":8,"minecraft:oak_wood":1,"minecraft:granite":14,"minecraft:gray_wool":1,"minecraft:oak_sapling":2,"spelunkers_charm:rock":6,"minecraft:black_wool":2,"minecraft:coal":107},"minecraft:mined":{"minecraft:dark_oak_planks":5,"minecraft:tuff":1,"minecraft:oak_door":16,"farmersdelight:wild_carrots":6,"minecraft:dark_oak_log":8,"minecraft:mangrove_roots":3,"minecraft:granite":14,"minecraft:grass_block":10,"minecraft:jungle_planks":6,"minecraft:moss_block":1,"minecraft:large_fern":1,"minecraft:hay_block":166,"minecraft:tall_seagrass":1,"minecraft:furnace":1,"minecraft:iron_ore":37,"realmrpg_skeletons:rookie_skeleton":1,"minecraft:stone":323,"create:veridium":16,"minecraft:powder_snow":8,"minecraft:crafting_table":2,"minecraft:oak_wood":1,"minecraft:calcite":212,"minecraft:tall_grass":9,"minecraft:copper_ore":6,"minecraft:cobblestone":15,"minecraft:sugar_cane":12,"minecraft:diorite":14,"minecraft:wall_torch":5,"spelunkers_charm:rock_pile_3":1,"farmersdelight:sandy_shrub":1,"minecraft:wheat":6,"minecraft:grass":23,"minecraft:oak_log":17,"minecraft:coal_ore":61,"minecraft:sunflower":1,"minecraft:dirt":3,"minecraft:cobweb":5,"minecraft:smooth_basalt":1,"minecraft:oak_leaves":6},"minecraft:used":{"minecraft:shield":1,"minecraft:iron_sword":159,"minecraft:stone":10,"minecraft:stone_hoe":72,"minecraft:rotten_flesh":2,"minecraft:oak_door":19,"minecraft:torch":45,"minecraft:dirt":8,"naturalist:cooked_bass":2,"minecraft:dark_oak_planks":6,"minecraft:dark_oak_boat":5,"minecraft:hay_block":2,"minecraft:furnace":6,"minecraft:cooked_mutton":11,"minecraft:diorite":4,"minecraft:stone_pickaxe":353,"farmersdelight:golden_knife":18,"minecraft:wooden_pickaxe":46,"minecraft:golden_hoe":34,"minecraft:crafting_table":10,"minecraft:blast_furnace":1,"minecraft:white_bed":1,"magistuarmoryaddon:steel_lance":18,"minecraft:iron_pickaxe":321,"minecraft:stone_axe":104,"minecraft:cobblestone":134,"minecraft:cooked_porkchop":8},"minecraft:broken":{"minecraft:golden_hoe":1,"minecraft:stone_pickaxe":2,"minecraft:iron_pickaxe":1},"minecraft:crafted":{"minecraft:oak_door":3,"minecraft:smooth_stone":18,"minecraft:oak_planks":72,"minecraft:dark_oak_boat":2,"minecraft:iron_nugget":9,"usefulbackpacks:backpack_small":1,"minecraft:furnace":6,"minecraft:blast_furnace":1,"minecraft:stone":28,"magistuarmoryaddon:steel_lance":1,"naturalist:cooked_bass":3,"minecraft:cooked_mutton":11,"magistuarmory:hilt":2,"magistuarmory:steel_ingot":16,"minecraft:stone_pickaxe":3,"magistuarmory:pole":1,"minecraft:dark_oak_planks":32,"minecraft:stone_hoe":1,"magistuarmory:steel_plate":8,"magistuarmory:steel_nugget":9,"minecraft:cooked_porkchop":8,"minecraft:crafting_table":8,"minecraft:wooden_pickaxe":1,"minecraft:iron_sword":1,"magistuarmory:knight_chestplate":1,"minecraft:stone_axe":1,"minecraft:air":0,"magistuarmory:halfarmor_chestplate":1,"minecraft:shield":1,"minecraft:stick":56,"minecraft:iron_ingot":31,"minecraft:iron_pickaxe":2,"minecraft:white_bed":1,"minecraft:torch":132,"magistuarmory:leather_strip":6},"minecraft:dropped":{"minecraft:iron_sword":2,"minecraft:wheat_seeds":2,"minecraft:granite":14,"minecraft:stick":3,"minecraft:dirt":2,"minecraft:gray_wool":1,"farmersdelight:golden_knife":1,"magistuarmoryaddon:steel_lance":1,"minecraft:dark_oak_boat":1,"minecraft:white_wool":1,"minecraft:dandelion":1,"minecraft:bone":2,"minecraft:wheat":5,"minecraft:oak_planks":2,"naturalist:cooked_bass":1,"magistuarmory:leather_strip":4,"minecraft:carrot":33,"minecraft:gunpowder":2,"spelunkers_charm:rock":6,"minecraft:golden_leggings":1}},"DataVersion":3465}