{"stats":{"minecraft:killed":{"minecraft:spider":5,"naturalist:robin":2,"minecraft:skeleton":4,"minecraft:horse":18,"naturalist:bass":3,"minecraft:pig":12,"naturalist:lizard_tail":1,"minecraft:creeper":1,"minecraft:sheep":11,"minecraft:zombie":3,"naturalist:lizard":1,"minecraft:cow":17},"minecraft:custom":{"minecraft:mob_kills":78,"minecraft:interact_with_crafting_table":48,"minecraft:leave_game":2,"minecraft:time_since_death":189572,"minecraft:climb_one_cm":296,"minecraft:sprint_one_cm":514704,"minecraft:damage_blocked_by_shield":480,"minecraft:walk_one_cm":284689,"minecraft:drop":54,"minecraft:talked_to_villager":2,"minecraft:play_time":189572,"minecraft:sneak_time":16765,"minecraft:walk_under_water_one_cm":50529,"minecraft:boat_one_cm":574240,"minecraft:jump":2803,"minecraft:interact_with_blast_furnace":13,"minecraft:walk_on_water_one_cm":33234,"minecraft:total_world_time":189572,"minecraft:interact_with_furnace":57,"minecraft:interact_with_cartography_table":1,"minecraft:sleep_in_bed":1,"minecraft:time_since_rest":146001,"minecraft:damage_taken":1594,"minecraft:damage_dealt":10765,"minecraft:swim_one_cm":198405,"minecraft:fly_one_cm":635570,"minecraft:open_chest":15,"minecraft:crouch_one_cm":42999,"minecraft:fall_one_cm":71571},"minecraft:picked_up":{"minecraft:crafting_table":3,"minecraft:wheat":5,"magistuarmoryaddon:steel_lance":1,"minecraft:gold_block":2,"usefulbackpacks:backpack_medium":1,"minecraft:string":9,"minecraft:raw_copper":18,"minecraft:smooth_stone":8,"minecraft:cobbled_deepslate":1,"minecraft:beef":27,"minecraft:oak_boat":5,"minecraft:calcite":212,"minecraft:iron_pickaxe":1,"minecraft:sugar_cane":36,"minecraft:birch_sapling":1,"minecraft:furnace":1,"minecraft:raw_iron":32,"minecraft:oak_door":16,"minecraft:composter":1,"minecraft:torch":9,"minecraft:porkchop":21,"minecraft:cookie":6,"minecraft:diorite":14,"minecraft:carrot":39,"minecraft:dark_oak_planks":4,"minecraft:cactus":1,"minecraft:arrow":3,"minecraft:rotten_flesh":4,"minecraft:shears":1,"minecraft:hay_block":153,"create:asurine":22,"create:veridium":16,"minecraft:mangrove_roots":5,"minecraft:cod":3,"minecraft:mutton":20,"minecraft:skeleton_skull":1,"minecraft:white_wool":15,"minecraft:cobblestone":371,"minecraft:birch_log":13,"minecraft:feather":3,"minecraft:leather":34,"minecraft:dark_oak_boat":4,"minecraft:oak_log":23,"minecraft:gunpowder":2,"naturalist:lizard_tail":1,"minecraft:dirt":15,"naturalist:bass":3,"minecraft:bone":10,"minecraft:stonecutter":1,"minecraft:wheat_seeds":18,"minecraft:bell":1,"minecraft:glass_bottle":2,"minecraft:iron_sword":2,"minecraft:oak_planks":4,"minecraft:book":12,"minecraft:cooked_porkchop":5,"minecraft:dandelion":1,"minecraft:blast_furnace":1,"magistuarmory:rustedchainmail_leggings":1,"minecraft:dark_oak_log":8,"minecraft:oak_wood":1,"minecraft:stone_axe":1,"minecraft:granite":14,"minecraft:birch_sign":2,"minecraft:gray_wool":1,"minecraft:oak_sapling":3,"spelunkers_charm:rock":6,"minecraft:black_wool":2,"minecraft:bricks":2,"minecraft:coal":107},"minecraft:mined":{"minecraft:dark_oak_planks":5,"minecraft:tuff":1,"minecraft:oak_door":16,"farmersdelight:wild_carrots":6,"minecraft:dark_oak_log":8,"minecraft:mangrove_roots":5,"minecraft:granite":14,"minecraft:grass_block":13,"minecraft:jungle_planks":6,"minecraft:composter":1,"minecraft:moss_block":1,"minecraft:large_fern":1,"minecraft:hay_block":166,"minecraft:smooth_stone":8,"minecraft:tall_seagrass":1,"minecraft:furnace":1,"minecraft:iron_ore":37,"realmrpg_skeletons:cactus_skeleton":1,"minecraft:gold_block":2,"minecraft:bell":1,"create:asurine":25,"realmrpg_skeletons:rookie_skeleton":1,"minecraft:bookshelf":4,"minecraft:dirt_path":2,"realmrpg_skeletons:trident_skeleton":1,"minecraft:stone":353,"create:veridium":16,"minecraft:powder_snow":8,"minecraft:crafting_table":3,"minecraft:blast_furnace":1,"minecraft:oak_wood":1,"minecraft:calcite":212,"minecraft:copper_ore":6,"minecraft:tall_grass":9,"minecraft:cobblestone":22,"minecraft:sugar_cane":16,"minecraft:bricks":2,"minecraft:diorite":14,"minecraft:wall_torch":6,"spelunkers_charm:rock_pile_3":1,"farmersdelight:sandy_shrub":1,"minecraft:birch_log":14,"minecraft:wheat":6,"minecraft:birch_leaves":1,"realmrpg_skeletons:acrobat_skeleton":1,"minecraft:grass":31,"minecraft:oak_log":23,"minecraft:coal_ore":61,"minecraft:sunflower":1,"minecraft:dirt":3,"minecraft:cobweb":5,"minecraft:smooth_basalt":1,"minecraft:stonecutter":1,"minecraft:oak_leaves":10},"minecraft:used":{"minecraft:shield":8,"minecraft:stone":10,"minecraft:iron_sword":257,"minecraft:rotten_flesh":2,"minecraft:stone_hoe":72,"minecraft:oak_door":19,"minecraft:torch":47,"minecraft:dirt":10,"minecraft:mutton":3,"naturalist:cooked_bass":2,"minecraft:dark_oak_planks":6,"minecraft:dark_oak_boat":5,"minecraft:hay_block":2,"minecraft:furnace":6,"minecraft:cooked_mutton":11,"minecraft:diorite":4,"minecraft:stone_pickaxe":353,"farmersdelight:golden_knife":18,"minecraft:wooden_pickaxe":46,"minecraft:golden_hoe":34,"minecraft:crafting_table":14,"minecraft:blast_furnace":1,"minecraft:birch_sign":5,"minecraft:white_bed":1,"magistuarmoryaddon:steel_lance":18,"minecraft:bread":11,"minecraft:iron_pickaxe":401,"create:asurine":2,"minecraft:stone_axe":135,"minecraft:cobblestone":195,"minecraft:cooked_porkchop":11,"minecraft:oak_boat":4,"minecraft:smooth_stone":8},"minecraft:broken":{"minecraft:golden_hoe":1,"minecraft:stone_pickaxe":2,"minecraft:stone_axe":1,"minecraft:iron_pickaxe":1},"minecraft:crafted":{"minecraft:oak_door":3,"minecraft:smooth_stone":18,"minecraft:oak_planks":96,"minecraft:dark_oak_boat":2,"minecraft:iron_nugget":9,"usefulbackpacks:backpack_small":1,"minecraft:furnace":6,"minecraft:blast_furnace":1,"minecraft:stone":28,"magistuarmoryaddon:steel_lance":1,"naturalist:cooked_bass":3,"minecraft:cooked_mutton":11,"magistuarmory:hilt":2,"magistuarmory:steel_ingot":16,"minecraft:stone_pickaxe":3,"usefulbackpacks:backpack_medium":1,"magistuarmory:pole":1,"minecraft:dark_oak_planks":32,"minecraft:stone_hoe":1,"magistuarmory:steel_plate":8,"minecraft:birch_sign":12,"minecraft:wheat":36,"magistuarmory:steel_nugget":9,"minecraft:cooked_porkchop":8,"minecraft:crafting_table":12,"minecraft:wooden_pickaxe":1,"minecraft:iron_sword":1,"magistuarmory:knight_chestplate":1,"minecraft:birch_planks":52,"minecraft:stone_axe":1,"minecraft:bread":12,"minecraft:air":0,"magistuarmory:halfarmor_chestplate":1,"minecraft:oak_boat":4,"minecraft:shield":1,"minecraft:stick":60,"minecraft:iron_ingot":31,"minecraft:iron_pickaxe":2,"minecraft:white_bed":1,"minecraft:torch":132,"minecraft:shears":1,"magistuarmory:leather_strip":6},"minecraft:dropped":{"minecraft:iron_ingot":1,"usefulbackpacks:backpack_medium":1,"minecraft:iron_sword":2,"minecraft:wheat_seeds":2,"minecraft:cooked_porkchop":2,"minecraft:cookie":3,"minecraft:cobblestone":1,"minecraft:granite":14,"minecraft:stick":3,"minecraft:dirt":5,"minecraft:gray_wool":1,"farmersdelight:golden_knife":1,"magistuarmoryaddon:steel_lance":1,"minecraft:mutton":3,"minecraft:iron_pickaxe":1,"minecraft:dark_oak_planks":4,"minecraft:dark_oak_boat":1,"minecraft:white_wool":1,"minecraft:dandelion":1,"minecraft:bone":2,"minecraft:stone_axe":1,"minecraft:wheat":5,"minecraft:birch_sapling":1,"minecraft:composter":1,"minecraft:rotten_flesh":2,"minecraft:oak_planks":6,"naturalist:cooked_bass":1,"create:asurine":20,"magistuarmory:leather_strip":4,"minecraft:shears":1,"minecraft:carrot":33,"minecraft:gunpowder":2,"spelunkers_charm:rock":6,"minecraft:oak_sapling":3,"minecraft:golden_leggings":1,"minecraft:oak_boat":4,"minecraft:birch_sign":2}},"DataVersion":3465}