{"stats":{"minecraft:killed":{"minecraft:pig":6,"naturalist:robin":2,"minecraft:creeper":1,"minecraft:sheep":7,"minecraft:horse":7,"minecraft:zombie":1,"naturalist:bass":3},"minecraft:custom":{"minecraft:interact_with_furnace":9,"minecraft:mob_kills":27,"minecraft:interact_with_crafting_table":9,"minecraft:time_since_death":40325,"minecraft:time_since_rest":40325,"minecraft:sprint_one_cm":108709,"minecraft:damage_taken":220,"minecraft:walk_one_cm":96883,"minecraft:damage_dealt":3069,"minecraft:swim_one_cm":4528,"minecraft:fly_one_cm":81946,"minecraft:crouch_one_cm":19642,"minecraft:play_time":40325,"minecraft:sneak_time":6381,"minecraft:walk_under_water_one_cm":2690,"minecraft:jump":536,"minecraft:walk_on_water_one_cm":2569,"minecraft:total_world_time":40325,"minecraft:fall_one_cm":13777},"minecraft:mined":{"minecraft:powder_snow":1,"minecraft:crafting_table":2,"minecraft:grass_block":6,"minecraft:calcite":212,"minecraft:copper_ore":1,"minecraft:tall_grass":4,"minecraft:cobblestone":7,"minecraft:sugar_cane":9,"minecraft:diorite":2,"minecraft:wall_torch":4,"spelunkers_charm:rock_pile_3":1,"minecraft:furnace":1,"minecraft:iron_ore":6,"minecraft:grass":7,"minecraft:coal_ore":51,"minecraft:oak_log":17,"minecraft:dirt":3,"minecraft:stone":152,"minecraft:oak_leaves":4},"minecraft:picked_up":{"minecraft:crafting_table":2,"minecraft:feather":3,"minecraft:leather":6,"minecraft:oak_log":17,"minecraft:gunpowder":2,"minecraft:dirt":10,"minecraft:raw_copper":5,"naturalist:bass":3,"minecraft:calcite":212,"minecraft:sugar_cane":20,"minecraft:furnace":1,"minecraft:raw_iron":6,"minecraft:cooked_porkchop":3,"minecraft:torch":4,"minecraft:dandelion":1,"minecraft:porkchop":8,"minecraft:diorite":2,"minecraft:rotten_flesh":2,"minecraft:gray_wool":1,"minecraft:black_wool":2,"spelunkers_charm:rock":3,"minecraft:mutton":11,"minecraft:coal":97,"minecraft:white_wool":4,"minecraft:cobblestone":157},"minecraft:used":{"minecraft:stone_pickaxe":171,"minecraft:wooden_pickaxe":46,"minecraft:stone":3,"minecraft:iron_sword":66,"minecraft:rotten_flesh":2,"minecraft:torch":20,"minecraft:dirt":8,"minecraft:crafting_table":4,"minecraft:iron_pickaxe":230,"minecraft:stone_axe":14,"minecraft:cobblestone":29,"minecraft:furnace":2,"minecraft:cooked_porkchop":3},"minecraft:crafted":{"minecraft:oak_planks":68,"minecraft:crafting_table":2,"minecraft:wooden_pickaxe":1,"minecraft:iron_sword":1,"minecraft:furnace":1,"minecraft:stone":3,"minecraft:stone_axe":1,"minecraft:air":0,"minecraft:shield":1,"minecraft:stick":16,"minecraft:iron_ingot":6,"minecraft:iron_pickaxe":1,"minecraft:stone_pickaxe":2,"minecraft:torch":20},"minecraft:broken":{"minecraft:stone_pickaxe":1}},"DataVersion":3465}